-- MySQL dump 10.13  Distrib 8.0.19, for macos10.15 (x86_64)
--
-- Host: localhost    Database: smartviewtenantmanagement
-- ------------------------------------------------------
-- Server version	5.7.30-0ubuntu0.18.04.1

/*!40101 SET @OLD_CHARACTER_SET_CLIENT=@@CHARACTER_SET_CLIENT */;
/*!40101 SET @OLD_CHARACTER_SET_RESULTS=@@CHARACTER_SET_RESULTS */;
/*!40101 SET @OLD_COLLATION_CONNECTION=@@COLLATION_CONNECTION */;
/*!50503 SET NAMES utf8 */;
/*!40103 SET @OLD_TIME_ZONE=@@TIME_ZONE */;
/*!40103 SET TIME_ZONE='+00:00' */;
/*!40014 SET @OLD_UNIQUE_CHECKS=@@UNIQUE_CHECKS, UNIQUE_CHECKS=0 */;
/*!40014 SET @OLD_FOREIGN_KEY_CHECKS=@@FOREIGN_KEY_CHECKS, FOREIGN_KEY_CHECKS=0 */;
/*!40101 SET @OLD_SQL_MODE=@@SQL_MODE, SQL_MODE='NO_AUTO_VALUE_ON_ZERO' */;
/*!40111 SET @OLD_SQL_NOTES=@@SQL_NOTES, SQL_NOTES=0 */;

--
-- Table structure for table `applicantdata`
--

DROP TABLE IF EXISTS `applicantdata`;
/*!40101 SET @saved_cs_client     = @@character_set_client */;
/*!50503 SET character_set_client = utf8mb4 */;
CREATE TABLE `applicantdata` (
  `id` int(11) NOT NULL AUTO_INCREMENT,
  `userID` int(11) NOT NULL,
  `dataType` varchar(100) COLLATE utf8_unicode_ci NOT NULL,
  `dataLabel` varchar(45) COLLATE utf8_unicode_ci DEFAULT NULL,
  `data` varchar(250) COLLATE utf8_unicode_ci DEFAULT NULL,
  `fieldID` int(11) DEFAULT NULL,
  `submissionID` int(11) DEFAULT NULL,
  `dateCreated` datetime NOT NULL DEFAULT CURRENT_TIMESTAMP,
  `dateUpdated` datetime NOT NULL DEFAULT CURRENT_TIMESTAMP,
  PRIMARY KEY (`id`)
) ENGINE=InnoDB AUTO_INCREMENT=323 DEFAULT CHARSET=utf8 COLLATE=utf8_unicode_ci;
/*!40101 SET character_set_client = @saved_cs_client */;

--
-- Dumping data for table `applicantdata`
--

LOCK TABLES `applicantdata` WRITE;
/*!40000 ALTER TABLE `applicantdata` DISABLE KEYS */;
INSERT INTO `applicantdata` VALUES (1,53,'idDocument','idDocument','uploads/user_53/idDocument.pdf',NULL,NULL,'2020-05-20 14:12:17','2020-05-20 14:12:17'),(2,53,'bankStatement','bankStatement','uploads/user_53/bankStatement.pdf',NULL,NULL,'2020-05-20 14:12:17','2020-05-20 14:12:17'),(3,53,'payslip','payslip','uploads/user_53/payslip.pdf',NULL,NULL,'2020-05-20 14:12:17','2020-05-20 14:12:17'),(4,53,'onlinePayment','proofOfPayment','id_53268949853',NULL,NULL,'2020-05-20 14:12:47','2020-05-20 14:12:47'),(5,53,'document','creditReport','reports/user_53/creditReport_8404055028084.pdf',NULL,NULL,'2020-05-20 14:13:03','2020-05-20 14:13:03'),(6,53,'document','creditReport','reports/user_53/creditReport_8404055028084.pdf',NULL,NULL,'2020-05-20 14:13:12','2020-05-20 14:13:12'),(7,63,'idDocument','idDocument','uploads/user_63/idDocument.png',NULL,NULL,'2020-05-21 06:56:50','2020-05-21 06:56:50'),(8,63,'bankStatement','bankStatement','uploads/user_63/bankStatement.png',NULL,NULL,'2020-05-21 06:56:50','2020-05-21 06:56:50'),(9,63,'payslip','payslip','uploads/user_63/payslip.png',NULL,NULL,'2020-05-21 06:56:50','2020-05-21 06:56:50'),(10,63,'onlinePayment','proofOfPayment','id_63277116863',NULL,NULL,'2020-05-21 06:57:42','2020-05-21 06:57:42'),(11,63,'document','creditReport','reports/user_63/creditReport_9608295304084.pdf',NULL,NULL,'2020-05-21 06:58:01','2020-05-21 06:58:01'),(12,62,'idDocument','idDocument','uploads/user_62/idDocument.pdf',NULL,NULL,'2020-05-21 13:26:29','2020-05-21 13:26:29'),(13,62,'bankStatement','bankStatement','uploads/user_62/bankStatement.pdf',NULL,NULL,'2020-05-21 13:26:29','2020-05-21 13:26:29'),(14,62,'payslip','payslip','uploads/user_62/payslip.pdf',NULL,NULL,'2020-05-21 13:26:29','2020-05-21 13:26:29'),(15,62,'onlinePayment','proofOfPayment','id_62346116662',NULL,NULL,'2020-05-21 13:28:44','2020-05-21 13:28:44'),(16,62,'document','creditReport','reports/user_62/creditReport_8703025097081.pdf',NULL,NULL,'2020-05-21 13:29:04','2020-05-21 13:29:04'),(17,62,'document','creditReport','reports/user_62/creditReport_8905030206082.pdf',NULL,NULL,'2020-05-21 13:29:18','2020-05-21 13:29:18'),(18,64,'idDocument','idDocument','uploads/user_64/idDocument.jpeg',NULL,NULL,'2020-05-22 08:18:54','2020-05-22 08:18:54'),(19,64,'bankStatement','bankStatement','uploads/user_64/bankStatement.jpg',NULL,NULL,'2020-05-22 08:18:54','2020-05-22 08:18:54'),(20,64,'payslip','payslip','uploads/user_64/payslip.png',NULL,NULL,'2020-05-22 08:18:54','2020-05-22 08:18:54'),(21,64,'onlinePayment','proofOfPayment','id_64309363964',NULL,NULL,'2020-05-22 08:19:31','2020-05-22 08:19:31'),(22,64,'document','creditReport','reports/user_64/creditReport_9205285161085.pdf',NULL,NULL,'2020-05-22 08:19:51','2020-05-22 08:19:51'),(23,64,'leaseAgreement','leaseAgreement','uploads/user_64/leaseAgreement.PDF',NULL,NULL,'2020-05-22 08:24:03','2020-05-22 08:24:03'),(24,64,'keySlip','keySlip','uploads/user_64/keySlip.pdf',NULL,NULL,'2020-05-22 08:24:03','2020-05-22 08:24:03'),(25,64,'onlinePayment','rentDeposit','id_64434478464',NULL,NULL,'2020-05-22 08:24:19','2020-05-22 08:24:19'),(26,49,'idDocument','idDocument','uploads/user_49/idDocument.jpg',NULL,NULL,'2020-05-22 17:29:55','2020-05-22 17:29:55'),(27,49,'bankStatement','bankStatement','uploads/user_49/bankStatement.jpg',NULL,NULL,'2020-05-22 17:29:55','2020-05-22 17:29:55'),(28,49,'payslip','payslip','uploads/user_49/payslip.jpg',NULL,NULL,'2020-05-22 17:29:55','2020-05-22 17:29:55'),(29,49,'onlinePayment','proofOfPayment','id_4962790949',NULL,NULL,'2020-05-22 17:31:53','2020-05-22 17:31:53'),(30,65,'idDocument','idDocument','uploads/user_65/idDocument.pdf',NULL,NULL,'2020-05-26 19:41:46','2020-05-26 19:41:46'),(31,65,'bankStatement','bankStatement','uploads/user_65/bankStatement.pdf',NULL,NULL,'2020-05-26 19:41:46','2020-05-26 19:41:46'),(32,65,'payslip','payslip','uploads/user_65/payslip.pdf',NULL,NULL,'2020-05-26 19:41:46','2020-05-26 19:41:46'),(33,65,'proofOfPayment','proofOfPayment','uploads/user_65/proofOfPayment.pdf',NULL,NULL,'2020-05-26 19:44:58','2020-05-26 19:44:58'),(34,65,'document','creditReport','reports/user_65/creditReport_6501210020088.pdf',NULL,NULL,'2020-05-26 19:48:34','2020-05-26 19:48:34'),(35,65,'document','creditReport','reports/user_65/creditReport_6501210020088.pdf',NULL,NULL,'2020-05-26 19:48:53','2020-05-26 19:48:53'),(36,68,'idDocument','idDocument','uploads/user_68/idDocument.jpg',NULL,NULL,'2020-06-01 09:51:20','2020-06-01 09:51:20'),(37,68,'bankStatement','bankStatement','uploads/user_68/bankStatement.jpg',NULL,NULL,'2020-06-01 09:51:20','2020-06-01 09:51:20'),(38,68,'payslip','payslip','uploads/user_68/payslip.jpg',NULL,NULL,'2020-06-01 09:51:20','2020-06-01 09:51:20'),(39,68,'onlinePayment','proofOfPayment','id_68239757568',NULL,NULL,'2020-06-01 09:52:17','2020-06-01 09:52:17'),(40,68,'document','creditReport','reports/user_68/creditReport_8505220085088.pdf',NULL,NULL,'2020-06-01 09:53:00','2020-06-01 09:53:00'),(41,68,'document','creditReport','reports/user_68/creditReport_8505220085088.pdf',NULL,NULL,'2020-06-01 09:53:30','2020-06-01 09:53:30'),(42,70,'idDocument','idDocument','uploads/user_70/idDocument.pdf',NULL,NULL,'2020-06-09 09:12:38','2020-06-09 09:12:38'),(43,70,'bankStatement','bankStatement','uploads/user_70/bankStatement.png',NULL,NULL,'2020-06-09 09:12:38','2020-06-09 09:12:38'),(44,70,'payslip','payslip','uploads/user_70/payslip.pdf',NULL,NULL,'2020-06-09 09:12:41','2020-06-09 09:12:41'),(45,70,'onlinePayment','proofOfPayment','id_70410894770',NULL,NULL,'2020-06-09 09:14:04','2020-06-09 09:14:04'),(46,72,'idDocument','idDocument','uploads/user_72/idDocument.pdf',NULL,NULL,'2020-06-10 12:26:23','2020-06-10 12:26:23'),(47,72,'bankStatement','bankStatement','uploads/user_72/bankStatement.pdf',NULL,NULL,'2020-06-10 12:26:23','2020-06-10 12:26:23'),(48,72,'payslip','payslip','uploads/user_72/payslip.pdf',NULL,NULL,'2020-06-10 12:26:23','2020-06-10 12:26:23'),(49,72,'proofOfPayment','proofOfPayment','uploads/user_72/proofOfPayment.pdf',NULL,NULL,'2020-06-10 12:27:02','2020-06-10 12:27:02'),(50,72,'onlinePayment','rentDeposit','uploads/user_72/rentDeposit.docx',NULL,NULL,'2020-06-10 12:48:06','2020-06-10 12:48:06'),(51,73,'idDocument','idDocument','uploads/user_73/idDocument.xlsx',NULL,NULL,'2020-06-10 13:01:00','2020-06-10 13:01:00'),(52,73,'bankStatement','bankStatement','uploads/user_73/bankStatement.pdf',NULL,NULL,'2020-06-10 13:01:00','2020-06-10 13:01:00'),(53,73,'payslip','payslip','uploads/user_73/payslip.docx',NULL,NULL,'2020-06-10 13:01:00','2020-06-10 13:01:00'),(54,73,'proofOfPayment','proofOfPayment','uploads/user_73/proofOfPayment.pdf',NULL,NULL,'2020-06-10 13:05:28','2020-06-10 13:05:28'),(55,73,'checkbox',NULL,'on',15,7,'2020-06-10 13:23:10','2020-06-10 13:23:10'),(56,73,'onlinePayment','rentDeposit','uploads/user_73/rentDeposit.pdf',NULL,NULL,'2020-06-10 13:25:04','2020-06-10 13:25:04'),(57,75,'idDocument','idDocument','uploads/user_75/idDocument.pdf',NULL,NULL,'2020-06-11 13:52:27','2020-06-11 13:52:27'),(58,75,'bankStatement','bankStatement','uploads/user_75/bankStatement.pdf',NULL,NULL,'2020-06-11 13:52:27','2020-06-11 13:52:27'),(59,75,'payslip','payslip','uploads/user_75/payslip.pdf',NULL,NULL,'2020-06-11 13:52:27','2020-06-11 13:52:27'),(60,75,'proofOfPayment','proofOfPayment','uploads/user_75/proofOfPayment.pdf',NULL,NULL,'2020-06-11 13:53:12','2020-06-11 13:53:12'),(61,75,'checkbox',NULL,'on',15,8,'2020-06-11 14:11:08','2020-06-11 14:11:08'),(62,75,'proofOfPayment','rentDeposit','uploads/user_75/rentDeposit.pdf',NULL,NULL,'2020-06-11 14:11:29','2020-06-11 14:11:29'),(63,75,'leaseAgreement','leaseAgreement','uploads/user_75/leaseAgreement.pdf',NULL,NULL,'2020-06-11 14:12:29','2020-06-11 14:12:29'),(64,75,'keySlip','keySlip','uploads/user_75/keySlip.pdf',NULL,NULL,'2020-06-11 14:12:29','2020-06-11 14:12:29'),(65,76,'idDocument','idDocument','uploads/user_76/idDocument.pdf',NULL,NULL,'2020-06-11 14:25:21','2020-06-11 14:25:21'),(66,76,'bankStatement','bankStatement','uploads/user_76/bankStatement.pdf',NULL,NULL,'2020-06-11 14:25:21','2020-06-11 14:25:21'),(67,76,'payslip','payslip','uploads/user_76/payslip.pdf',NULL,NULL,'2020-06-11 14:25:21','2020-06-11 14:25:21'),(68,76,'proofOfPayment','proofOfPayment','uploads/user_76/proofOfPayment.pdf',NULL,NULL,'2020-06-11 14:26:09','2020-06-11 14:26:09'),(69,76,'checkbox',NULL,'on',15,9,'2020-06-11 14:50:07','2020-06-11 14:50:07'),(70,76,'proofOfPayment','rentDeposit','uploads/user_76/rentDeposit.pdf',NULL,NULL,'2020-06-11 14:50:26','2020-06-11 14:50:26'),(71,77,'idDocument','idDocument','uploads/user_77/idDocument.pdf',NULL,NULL,'2020-06-11 15:05:22','2020-06-11 15:05:22'),(72,77,'bankStatement','bankStatement','uploads/user_77/bankStatement.pdf',NULL,NULL,'2020-06-11 15:05:22','2020-06-11 15:05:22'),(73,77,'payslip','payslip','uploads/user_77/payslip.pdf',NULL,NULL,'2020-06-11 15:05:22','2020-06-11 15:05:22'),(74,77,'onlinePayment','proofOfPayment','id_7797994377',NULL,NULL,'2020-06-11 15:12:01','2020-06-11 15:12:01'),(75,77,'checkbox',NULL,'on',15,10,'2020-06-11 15:24:32','2020-06-11 15:24:32'),(76,77,'onlinePayment','rentDeposit','id_77387532677',NULL,NULL,'2020-06-11 15:24:47','2020-06-11 15:24:47'),(77,77,'leaseAgreement','leaseAgreement','uploads/user_77/leaseAgreement.pdf',NULL,NULL,'2020-06-11 15:25:23','2020-06-11 15:25:23'),(78,77,'keySlip','keySlip','uploads/user_77/keySlip.pdf',NULL,NULL,'2020-06-11 15:25:23','2020-06-11 15:25:23'),(79,78,'idDocument','idDocument','uploads/user_78/idDocument.pdf',NULL,NULL,'2020-06-11 15:40:24','2020-06-11 15:40:24'),(80,78,'bankStatement','bankStatement','uploads/user_78/bankStatement.pdf',NULL,NULL,'2020-06-11 15:40:24','2020-06-11 15:40:24'),(81,78,'payslip','payslip','uploads/user_78/payslip.pdf',NULL,NULL,'2020-06-11 15:40:24','2020-06-11 15:40:24'),(82,78,'proofOfPayment','proofOfPayment','uploads/user_78/proofOfPayment.pdf',NULL,NULL,'2020-06-11 15:40:54','2020-06-11 15:40:54'),(83,78,'checkbox',NULL,'on',15,11,'2020-06-11 15:46:25','2020-06-11 15:46:25'),(84,78,'proofOfPayment','rentDeposit','uploads/user_78/rentDeposit.pdf',NULL,NULL,'2020-06-11 15:47:32','2020-06-11 15:47:32'),(85,78,'leaseAgreement','leaseAgreement','uploads/user_78/leaseAgreement.pdf',NULL,NULL,'2020-06-11 15:48:41','2020-06-11 15:48:41'),(86,78,'keySlip','keySlip','uploads/user_78/keySlip.pdf',NULL,NULL,'2020-06-11 15:48:41','2020-06-11 15:48:41'),(87,79,'idDocument','idDocument','uploads/user_79/idDocument.pdf',NULL,NULL,'2020-06-11 22:57:11','2020-06-11 22:57:11'),(88,79,'bankStatement','bankStatement','uploads/user_79/bankStatement.pdf',NULL,NULL,'2020-06-11 22:57:11','2020-06-11 22:57:11'),(89,79,'payslip','payslip','uploads/user_79/payslip.pdf',NULL,NULL,'2020-06-11 22:57:11','2020-06-11 22:57:11'),(90,79,'onlinePayment','proofOfPayment','id_79110467279',NULL,NULL,'2020-06-11 22:57:34','2020-06-11 22:57:34'),(91,79,'checkbox',NULL,'on',15,12,'2020-06-11 23:16:02','2020-06-11 23:16:02'),(92,79,'onlinePayment','rentDeposit','id_79451548679',NULL,NULL,'2020-06-11 23:16:19','2020-06-11 23:16:19'),(93,79,'leaseAgreement','leaseAgreement','uploads/user_79/leaseAgreement.pdf',NULL,NULL,'2020-06-11 23:38:09','2020-06-11 23:38:09'),(94,79,'keySlip','keySlip','uploads/user_79/keySlip.pdf',NULL,NULL,'2020-06-11 23:38:09','2020-06-11 23:38:09'),(95,80,'idDocument','idDocument','uploads/user_80/idDocument.pdf',NULL,NULL,'2020-06-11 23:44:28','2020-06-11 23:44:28'),(96,80,'bankStatement','bankStatement','uploads/user_80/bankStatement.pdf',NULL,NULL,'2020-06-11 23:44:28','2020-06-11 23:44:28'),(97,80,'payslip','payslip','uploads/user_80/payslip.pdf',NULL,NULL,'2020-06-11 23:44:28','2020-06-11 23:44:28'),(98,80,'onlinePayment','proofOfPayment','id_80329080080',NULL,NULL,'2020-06-11 23:46:28','2020-06-11 23:46:28'),(99,80,'checkbox',NULL,'on',15,13,'2020-06-11 23:50:39','2020-06-11 23:50:39'),(100,80,'onlinePayment','rentDeposit','id_8024175080',NULL,NULL,'2020-06-11 23:50:50','2020-06-11 23:50:50'),(101,80,'leaseAgreement','leaseAgreement','uploads/user_80/leaseAgreement.pdf',NULL,NULL,'2020-06-11 23:51:45','2020-06-11 23:51:45'),(102,80,'keySlip','keySlip','uploads/user_80/keySlip.pdf',NULL,NULL,'2020-06-11 23:51:45','2020-06-11 23:51:45'),(103,82,'idDocument','idDocument','uploads/user_82/idDocument.jpeg',NULL,NULL,'2020-06-12 05:39:00','2020-06-12 05:39:00'),(104,82,'bankStatement','bankStatement','uploads/user_82/bankStatement.png',NULL,NULL,'2020-06-12 05:39:00','2020-06-12 05:39:00'),(105,82,'payslip','payslip','uploads/user_82/payslip.png',NULL,NULL,'2020-06-12 05:39:00','2020-06-12 05:39:00'),(106,82,'onlinePayment','proofOfPayment','id_82316629282',NULL,NULL,'2020-06-12 05:39:18','2020-06-12 05:39:18'),(107,82,'checkbox',NULL,'on',17,14,'2020-06-12 06:33:59','2020-06-12 06:33:59'),(108,82,'checkbox',NULL,'on',16,14,'2020-06-12 06:33:59','2020-06-12 06:33:59'),(109,82,'onlinePayment','rentDeposit','id_82202655082',NULL,NULL,'2020-06-12 06:35:36','2020-06-12 06:35:36'),(110,83,'idDocument','idDocument','uploads/user_83/idDocument.pdf',NULL,NULL,'2020-06-12 09:05:56','2020-06-12 09:05:56'),(111,83,'bankStatement','bankStatement','uploads/user_83/bankStatement.pdf',NULL,NULL,'2020-06-12 09:05:56','2020-06-12 09:05:56'),(112,83,'payslip','payslip','uploads/user_83/payslip.pdf',NULL,NULL,'2020-06-12 09:05:56','2020-06-12 09:05:56'),(113,83,'onlinePayment','proofOfPayment','id_83172393483',NULL,NULL,'2020-06-12 09:06:38','2020-06-12 09:06:38'),(114,83,'checkbox',NULL,'on',17,15,'2020-06-12 09:17:55','2020-06-12 09:17:55'),(115,83,'checkbox',NULL,'on',16,15,'2020-06-12 09:17:55','2020-06-12 09:17:55'),(116,83,'onlinePayment','rentDeposit','id_83471097083',NULL,NULL,'2020-06-12 09:18:11','2020-06-12 09:18:11'),(117,84,'idDocument','idDocument','uploads/user_84/idDocument.pdf',NULL,NULL,'2020-06-12 09:36:06','2020-06-12 09:36:06'),(118,84,'bankStatement','bankStatement','uploads/user_84/bankStatement.pdf',NULL,NULL,'2020-06-12 09:36:06','2020-06-12 09:36:06'),(119,84,'payslip','payslip','uploads/user_84/payslip.pdf',NULL,NULL,'2020-06-12 09:36:06','2020-06-12 09:36:06'),(120,85,'idDocument','idDocument','uploads/user_85/idDocument.pdf',NULL,NULL,'2020-06-12 09:44:39','2020-06-12 09:44:39'),(121,85,'bankStatement','bankStatement','uploads/user_85/bankStatement.pdf',NULL,NULL,'2020-06-12 09:44:39','2020-06-12 09:44:39'),(122,85,'payslip','payslip','uploads/user_85/payslip.pdf',NULL,NULL,'2020-06-12 09:44:39','2020-06-12 09:44:39'),(123,85,'onlinePayment','proofOfPayment','id_85121101485',NULL,NULL,'2020-06-12 10:00:55','2020-06-12 10:00:55'),(124,85,'checkbox',NULL,'on',17,16,'2020-06-12 10:17:26','2020-06-12 10:17:26'),(125,85,'checkbox',NULL,'on',16,16,'2020-06-12 10:17:26','2020-06-12 10:17:26'),(126,85,'onlinePayment','rentDeposit','id_85483848085',NULL,NULL,'2020-06-12 10:19:03','2020-06-12 10:19:03'),(127,85,'leaseAgreement','leaseAgreement','uploads/user_85/leaseAgreement.pdf',NULL,NULL,'2020-06-12 10:22:22','2020-06-12 10:22:22'),(128,85,'keySlip','keySlip','uploads/user_85/keySlip.pdf',NULL,NULL,'2020-06-12 10:22:22','2020-06-12 10:22:22'),(129,86,'idDocument','idDocument','uploads/user_86/idDocument.jpg',NULL,NULL,'2020-06-12 11:31:13','2020-06-12 11:31:13'),(130,86,'bankStatement','bankStatement','uploads/user_86/bankStatement.jpg',NULL,NULL,'2020-06-12 11:31:13','2020-06-12 11:31:13'),(131,86,'payslip','payslip','uploads/user_86/payslip.jpg',NULL,NULL,'2020-06-12 11:31:13','2020-06-12 11:31:13'),(132,86,'onlinePayment','proofOfPayment','id_86149242686',NULL,NULL,'2020-06-12 11:31:49','2020-06-12 11:31:49'),(133,86,'document','creditReport','reports/user_86/creditReport_8404055028084.pdf',NULL,NULL,'2020-06-12 11:32:08','2020-06-12 11:32:08'),(134,86,'document','creditReport','reports/user_86/creditReport_8404055028084.pdf',NULL,NULL,'2020-06-12 11:32:18','2020-06-12 11:32:18'),(135,86,'document','creditReport','reports/user_86/creditReport_8404055028084.pdf',NULL,NULL,'2020-06-12 11:37:26','2020-06-12 11:37:26'),(136,86,'document','creditReport','reports/user_86/creditReport_8404055028084.pdf',NULL,NULL,'2020-06-12 11:37:37','2020-06-12 11:37:37'),(137,86,'document','creditReport','reports/user_86/creditReport_8404055028084.pdf',NULL,NULL,'2020-06-12 11:39:02','2020-06-12 11:39:02'),(138,86,'document','creditReport','reports/user_86/creditReport_8404055028084.pdf',NULL,NULL,'2020-06-12 11:39:11','2020-06-12 11:39:11'),(139,86,'document','creditReport','reports/user_86/creditReport_8404055028084.pdf',NULL,NULL,'2020-06-12 11:40:15','2020-06-12 11:40:15'),(140,86,'document','creditReport','reports/user_86/creditReport_8404055028084.pdf',NULL,NULL,'2020-06-12 11:40:27','2020-06-12 11:40:27'),(141,86,'document','creditReport','reports/user_86/creditReport_8404055028084.pdf',NULL,NULL,'2020-06-12 11:41:03','2020-06-12 11:41:03'),(142,86,'document','creditReport','reports/user_86/creditReport_8404055028084.pdf',NULL,NULL,'2020-06-12 11:41:12','2020-06-12 11:41:12'),(143,86,'document','creditReport','reports/user_86/creditReport_8404055028084.pdf',NULL,NULL,'2020-06-12 11:44:16','2020-06-12 11:44:16'),(144,86,'document','creditReport','reports/user_86/creditReport_8404055028084.pdf',NULL,NULL,'2020-06-12 11:44:25','2020-06-12 11:44:25'),(145,86,'document','creditReport','reports/user_86/creditReport_8404055028084.pdf',NULL,NULL,'2020-06-12 11:44:55','2020-06-12 11:44:55'),(146,86,'document','creditReport','reports/user_86/creditReport_8404055028084.pdf',NULL,NULL,'2020-06-12 11:45:03','2020-06-12 11:45:03'),(147,86,'checkbox',NULL,'on',17,17,'2020-06-12 11:48:22','2020-06-12 11:48:22'),(148,86,'checkbox',NULL,'on',16,17,'2020-06-12 11:48:22','2020-06-12 11:48:22'),(149,86,'onlinePayment','rentDeposit','id_86283961386',NULL,NULL,'2020-06-12 11:48:37','2020-06-12 11:48:37'),(150,86,'leaseAgreement','leaseAgreement','uploads/user_86/leaseAgreement.pdf',NULL,NULL,'2020-06-12 11:49:25','2020-06-12 11:49:25'),(151,86,'keySlip','keySlip','uploads/user_86/keySlip.pdf',NULL,NULL,'2020-06-12 11:49:25','2020-06-12 11:49:25'),(152,77,'document','creditReport','reports/user_77/creditReport_9811015487932.pdf',NULL,NULL,'2020-06-12 11:52:15','2020-06-12 11:52:15'),(153,87,'idDocument','idDocument','uploads/user_87/idDocument.pdf',NULL,NULL,'2020-06-12 14:27:06','2020-06-12 14:27:06'),(154,87,'bankStatement','bankStatement','uploads/user_87/bankStatement.pdf',NULL,NULL,'2020-06-12 14:27:06','2020-06-12 14:27:06'),(155,87,'payslip','payslip','uploads/user_87/payslip.pdf',NULL,NULL,'2020-06-12 14:27:06','2020-06-12 14:27:06'),(156,87,'onlinePayment','proofOfPayment','id_8784647387',NULL,NULL,'2020-06-12 14:28:03','2020-06-12 14:28:03'),(157,87,'document','creditReport','reports/user_87/creditReport_9903095479081.pdf',NULL,NULL,'2020-06-12 14:28:22','2020-06-12 14:28:22'),(158,87,'checkbox',NULL,'on',17,18,'2020-06-12 14:40:38','2020-06-12 14:40:38'),(159,87,'checkbox',NULL,'on',16,18,'2020-06-12 14:40:38','2020-06-12 14:40:38'),(160,87,'onlinePayment','rentDeposit','id_87257763687',NULL,NULL,'2020-06-12 14:41:10','2020-06-12 14:41:10'),(161,87,'leaseAgreement','leaseAgreement','uploads/user_87/leaseAgreement.pdf',NULL,NULL,'2020-06-12 14:41:55','2020-06-12 14:41:55'),(162,87,'keySlip','keySlip','uploads/user_87/keySlip.pdf',NULL,NULL,'2020-06-12 14:41:55','2020-06-12 14:41:55'),(163,88,'idDocument','idDocument','uploads/user_88/idDocument.jpg',NULL,NULL,'2020-06-12 15:08:15','2020-06-12 15:08:15'),(164,88,'bankStatement','bankStatement','uploads/user_88/bankStatement.jpeg',NULL,NULL,'2020-06-12 15:08:15','2020-06-12 15:08:15'),(165,88,'payslip','payslip','uploads/user_88/payslip.png',NULL,NULL,'2020-06-12 15:08:15','2020-06-12 15:08:15'),(166,88,'onlinePayment','proofOfPayment','id_8898167588',NULL,NULL,'2020-06-12 15:09:28','2020-06-12 15:09:28'),(167,88,'document','creditReport','reports/user_88/creditReport_9205285161085.pdf',NULL,NULL,'2020-06-12 15:09:44','2020-06-12 15:09:44'),(168,89,'idDocument','idDocument','uploads/user_89/idDocument.pdf',NULL,NULL,'2020-06-12 15:10:16','2020-06-12 15:10:16'),(169,89,'bankStatement','bankStatement','uploads/user_89/bankStatement.pdf',NULL,NULL,'2020-06-12 15:10:17','2020-06-12 15:10:17'),(170,89,'payslip','payslip','uploads/user_89/payslip.pdf',NULL,NULL,'2020-06-12 15:10:17','2020-06-12 15:10:17'),(171,89,'onlinePayment','proofOfPayment','id_89180204289',NULL,NULL,'2020-06-12 15:10:58','2020-06-12 15:10:58'),(172,89,'document','creditReport','reports/user_89/creditReport_9903095479081.pdf',NULL,NULL,'2020-06-12 15:11:13','2020-06-12 15:11:13'),(173,88,'checkbox',NULL,'on',17,19,'2020-06-12 15:18:01','2020-06-12 15:18:01'),(174,88,'checkbox',NULL,'on',16,19,'2020-06-12 15:18:01','2020-06-12 15:18:01'),(175,88,'onlinePayment','rentDeposit','id_88122571788',NULL,NULL,'2020-06-12 15:18:16','2020-06-12 15:18:16'),(176,77,'document','creditReport','reports/user_77/creditReport_9811015487932.pdf',NULL,NULL,'2020-06-12 15:34:48','2020-06-12 15:34:48'),(177,90,'idDocument','idDocument','uploads/user_90/idDocument.pdf',NULL,NULL,'2020-06-12 19:52:19','2020-06-12 19:52:19'),(178,90,'bankStatement','bankStatement','uploads/user_90/bankStatement.pdf',NULL,NULL,'2020-06-12 19:52:19','2020-06-12 19:52:19'),(179,90,'payslip','payslip','uploads/user_90/payslip.pdf',NULL,NULL,'2020-06-12 19:52:19','2020-06-12 19:52:19'),(180,90,'onlinePayment','proofOfPayment','id_90185132890',NULL,NULL,'2020-06-12 19:54:23','2020-06-12 19:54:23'),(181,90,'document','creditReport','reports/user_90/creditReport_9903095479081.pdf',NULL,NULL,'2020-06-12 19:54:40','2020-06-12 19:54:40'),(182,90,'checkbox',NULL,'on',17,20,'2020-06-12 20:08:24','2020-06-12 20:08:24'),(183,90,'checkbox',NULL,'on',16,20,'2020-06-12 20:08:24','2020-06-12 20:08:24'),(184,90,'onlinePayment','rentDeposit','id_90270964690',NULL,NULL,'2020-06-12 20:09:07','2020-06-12 20:09:07'),(185,90,'leaseAgreement','leaseAgreement','uploads/user_90/leaseAgreement.pdf',NULL,NULL,'2020-06-12 20:11:47','2020-06-12 20:11:47'),(186,90,'keySlip','keySlip','uploads/user_90/keySlip.pdf',NULL,NULL,'2020-06-12 20:11:47','2020-06-12 20:11:47'),(187,85,'onlinePayment','proofOfPayment','id_85321411785',NULL,NULL,'2020-06-13 06:15:09','2020-06-13 06:15:09'),(188,91,'idDocument','idDocument','uploads/user_91/idDocument.pdf',NULL,NULL,'2020-06-13 08:05:49','2020-06-13 08:05:49'),(189,91,'bankStatement','bankStatement','uploads/user_91/bankStatement.xlsx',NULL,NULL,'2020-06-13 08:05:49','2020-06-13 08:05:49'),(190,91,'payslip','payslip','uploads/user_91/payslip.pdf',NULL,NULL,'2020-06-13 08:05:49','2020-06-13 08:05:49'),(191,91,'onlinePayment','proofOfPayment','id_91246711591',NULL,NULL,'2020-06-13 08:06:24','2020-06-13 08:06:24'),(192,91,'document','creditReport','reports/user_91/creditReport_8703020012085.pdf',NULL,NULL,'2020-06-13 08:06:44','2020-06-13 08:06:44'),(193,92,'idDocument','idDocument','uploads/user_92/idDocument.jpg',NULL,NULL,'2020-06-13 08:21:16','2020-06-13 08:21:16'),(194,92,'bankStatement','bankStatement','uploads/user_92/bankStatement.jpg',NULL,NULL,'2020-06-13 08:21:16','2020-06-13 08:21:16'),(195,92,'payslip','payslip','uploads/user_92/payslip.jpg',NULL,NULL,'2020-06-13 08:21:16','2020-06-13 08:21:16'),(196,93,'idDocument','idDocument','uploads/user_93/idDocument.pdf',NULL,NULL,'2020-06-13 08:28:55','2020-06-13 08:28:55'),(197,93,'bankStatement','bankStatement','uploads/user_93/bankStatement.pdf',NULL,NULL,'2020-06-13 08:28:55','2020-06-13 08:28:55'),(198,93,'payslip','payslip','uploads/user_93/payslip.pdf',NULL,NULL,'2020-06-13 08:28:55','2020-06-13 08:28:55'),(199,93,'onlinePayment','proofOfPayment','id_93463448793',NULL,NULL,'2020-06-13 08:29:16','2020-06-13 08:29:16'),(200,93,'document','creditReport','reports/user_93/creditReport_8703020012084.pdf',NULL,NULL,'2020-06-13 08:29:34','2020-06-13 08:29:34'),(201,93,'document','creditReport','reports/user_93/creditReport_8404055028084.pdf',NULL,NULL,'2020-06-13 08:29:51','2020-06-13 08:29:51'),(202,93,'document','creditReport','reports/user_93/creditReport_8404055028084.pdf',NULL,NULL,'2020-06-13 08:29:58','2020-06-13 08:29:58'),(203,94,'idDocument','idDocument','uploads/user_94/idDocument.pdf',NULL,NULL,'2020-06-13 08:44:17','2020-06-13 08:44:17'),(204,94,'bankStatement','bankStatement','uploads/user_94/bankStatement.pdf',NULL,NULL,'2020-06-13 08:44:17','2020-06-13 08:44:17'),(205,94,'payslip','payslip','uploads/user_94/payslip.pdf',NULL,NULL,'2020-06-13 08:44:17','2020-06-13 08:44:17'),(206,94,'proofOfPayment','proofOfPayment','uploads/user_94/proofOfPayment.pdf',NULL,NULL,'2020-06-13 08:44:51','2020-06-13 08:44:51'),(207,94,'document','creditReport','reports/user_94/creditReport_9903095479081.pdf',NULL,NULL,'2020-06-13 08:45:34','2020-06-13 08:45:34'),(208,94,'checkbox',NULL,'on',17,21,'2020-06-13 09:06:34','2020-06-13 09:06:34'),(209,94,'checkbox',NULL,'on',16,21,'2020-06-13 09:06:34','2020-06-13 09:06:34'),(210,94,'onlinePayment','rentDeposit','id_94270198794',NULL,NULL,'2020-06-13 09:07:24','2020-06-13 09:07:24'),(211,94,'leaseAgreement','leaseAgreement','uploads/user_94/leaseAgreement.pdf',NULL,NULL,'2020-06-13 09:07:58','2020-06-13 09:07:58'),(212,94,'keySlip','keySlip','uploads/user_94/keySlip.pdf',NULL,NULL,'2020-06-13 09:07:58','2020-06-13 09:07:58'),(213,95,'idDocument','idDocument','uploads/user_95/idDocument.pdf',NULL,NULL,'2020-06-13 09:23:18','2020-06-13 09:23:18'),(214,95,'bankStatement','bankStatement','uploads/user_95/bankStatement.pdf',NULL,NULL,'2020-06-13 09:23:18','2020-06-13 09:23:18'),(215,95,'payslip','payslip','uploads/user_95/payslip.pdf',NULL,NULL,'2020-06-13 09:23:18','2020-06-13 09:23:18'),(216,95,'onlinePayment','proofOfPayment','id_9516978295',NULL,NULL,'2020-06-13 09:23:48','2020-06-13 09:23:48'),(217,95,'document','creditReport','reports/user_95/creditReport_9903095479081.pdf',NULL,NULL,'2020-06-13 09:24:07','2020-06-13 09:24:07'),(218,95,'checkbox',NULL,'on',17,22,'2020-06-13 09:39:01','2020-06-13 09:39:01'),(219,95,'checkbox',NULL,'on',16,22,'2020-06-13 09:39:01','2020-06-13 09:39:01'),(220,95,'onlinePayment','rentDeposit','id_95403474695',NULL,NULL,'2020-06-13 09:39:29','2020-06-13 09:39:29'),(221,95,'leaseAgreement','leaseAgreement','uploads/user_95/leaseAgreement.pdf',NULL,NULL,'2020-06-13 09:40:52','2020-06-13 09:40:52'),(222,95,'keySlip','keySlip','uploads/user_95/keySlip.pdf',NULL,NULL,'2020-06-13 09:40:52','2020-06-13 09:40:52'),(223,96,'idDocument','idDocument','uploads/user_96/idDocument.pdf',NULL,NULL,'2020-06-13 09:47:05','2020-06-13 09:47:05'),(224,96,'bankStatement','bankStatement','uploads/user_96/bankStatement.pdf',NULL,NULL,'2020-06-13 09:47:05','2020-06-13 09:47:05'),(225,96,'payslip','payslip','uploads/user_96/payslip.pdf',NULL,NULL,'2020-06-13 09:47:05','2020-06-13 09:47:05'),(226,96,'onlinePayment','proofOfPayment','id_96228631296',NULL,NULL,'2020-06-13 09:47:36','2020-06-13 09:47:36'),(227,96,'document','creditReport','reports/user_96/creditReport_9903095479081.pdf',NULL,NULL,'2020-06-13 09:47:53','2020-06-13 09:47:53'),(228,96,'checkbox',NULL,'on',17,23,'2020-06-13 09:53:57','2020-06-13 09:53:57'),(229,96,'checkbox',NULL,'on',16,23,'2020-06-13 09:53:57','2020-06-13 09:53:57'),(230,96,'onlinePayment','rentDeposit','id_96285518396',NULL,NULL,'2020-06-13 09:54:53','2020-06-13 09:54:53'),(231,96,'leaseAgreement','leaseAgreement','uploads/user_96/leaseAgreement.pdf',NULL,NULL,'2020-06-13 09:56:18','2020-06-13 09:56:18'),(232,96,'keySlip','keySlip','uploads/user_96/keySlip.pdf',NULL,NULL,'2020-06-13 09:56:18','2020-06-13 09:56:18'),(233,97,'idDocument','idDocument','uploads/user_97/idDocument.pdf',NULL,NULL,'2020-06-13 10:27:54','2020-06-13 10:27:54'),(234,97,'bankStatement','bankStatement','uploads/user_97/bankStatement.pdf',NULL,NULL,'2020-06-13 10:27:54','2020-06-13 10:27:54'),(235,97,'payslip','payslip','uploads/user_97/payslip.pdf',NULL,NULL,'2020-06-13 10:27:54','2020-06-13 10:27:54'),(236,97,'onlinePayment','proofOfPayment','id_97239257897',NULL,NULL,'2020-06-13 10:28:14','2020-06-13 10:28:14'),(237,97,'document','creditReport','reports/user_97/creditReport_8703020012085.pdf',NULL,NULL,'2020-06-13 10:28:35','2020-06-13 10:28:35'),(238,98,'idDocument','idDocument','uploads/user_98/idDocument.pdf',NULL,NULL,'2020-06-14 07:07:52','2020-06-14 07:07:52'),(239,98,'bankStatement','bankStatement','uploads/user_98/bankStatement.pdf',NULL,NULL,'2020-06-14 07:07:52','2020-06-14 07:07:52'),(240,98,'payslip','payslip','uploads/user_98/payslip.pdf',NULL,NULL,'2020-06-14 07:07:52','2020-06-14 07:07:52'),(241,98,'onlinePayment','proofOfPayment','id_98491385998',NULL,NULL,'2020-06-14 07:12:06','2020-06-14 07:12:06'),(242,98,'document','creditReport','reports/user_98/creditReport_9903095479081.pdf',NULL,NULL,'2020-06-14 07:12:42','2020-06-14 07:12:42'),(243,98,'checkbox',NULL,'on',17,24,'2020-06-14 07:22:10','2020-06-14 07:22:10'),(244,98,'checkbox',NULL,'on',16,24,'2020-06-14 07:22:10','2020-06-14 07:22:10'),(245,98,'onlinePayment','rentDeposit','id_98230433898',NULL,NULL,'2020-06-14 07:22:31','2020-06-14 07:22:31'),(246,98,'leaseAgreement','leaseAgreement','uploads/user_98/leaseAgreement.pdf',NULL,NULL,'2020-06-14 07:49:42','2020-06-14 07:49:42'),(247,98,'keySlip','keySlip','uploads/user_98/keySlip.pdf',NULL,NULL,'2020-06-14 07:49:42','2020-06-14 07:49:42'),(248,99,'idDocument','idDocument','uploads/user_99/idDocument.pdf',NULL,NULL,'2020-06-14 07:54:21','2020-06-14 07:54:21'),(249,99,'bankStatement','bankStatement','uploads/user_99/bankStatement.pdf',NULL,NULL,'2020-06-14 07:54:21','2020-06-14 07:54:21'),(250,99,'payslip','payslip','uploads/user_99/payslip.pdf',NULL,NULL,'2020-06-14 07:54:21','2020-06-14 07:54:21'),(251,99,'proofOfPayment','proofOfPayment','uploads/user_99/proofOfPayment.pdf',NULL,NULL,'2020-06-14 07:54:57','2020-06-14 07:54:57'),(252,99,'document','creditReport','reports/user_99/creditReport_9903095479081.pdf',NULL,NULL,'2020-06-14 07:55:39','2020-06-14 07:55:39'),(253,99,'checkbox',NULL,'on',17,25,'2020-06-14 07:58:20','2020-06-14 07:58:20'),(254,99,'checkbox',NULL,'on',16,25,'2020-06-14 07:58:20','2020-06-14 07:58:20'),(255,99,'onlinePayment','rentDeposit','id_99217487899',NULL,NULL,'2020-06-14 07:59:28','2020-06-14 07:59:28'),(256,99,'leaseAgreement','leaseAgreement','uploads/user_99/leaseAgreement.pdf',NULL,NULL,'2020-06-14 08:17:14','2020-06-14 08:17:14'),(257,99,'keySlip','keySlip','uploads/user_99/keySlip.pdf',NULL,NULL,'2020-06-14 08:17:14','2020-06-14 08:17:14'),(258,100,'idDocument','idDocument','uploads/user_100/idDocument.pdf',NULL,NULL,'2020-06-14 08:19:50','2020-06-14 08:19:50'),(259,100,'bankStatement','bankStatement','uploads/user_100/bankStatement.pdf',NULL,NULL,'2020-06-14 08:19:50','2020-06-14 08:19:50'),(260,100,'payslip','payslip','uploads/user_100/payslip.pdf',NULL,NULL,'2020-06-14 08:19:50','2020-06-14 08:19:50'),(261,100,'proofOfPayment','proofOfPayment','uploads/user_100/proofOfPayment.pdf',NULL,NULL,'2020-06-14 08:20:13','2020-06-14 08:20:13'),(262,100,'document','creditReport','reports/user_100/creditReport_9903095479081.pdf',NULL,NULL,'2020-06-14 08:20:49','2020-06-14 08:20:49'),(263,100,'checkbox',NULL,'on',17,26,'2020-06-14 08:22:54','2020-06-14 08:22:54'),(264,100,'checkbox',NULL,'on',16,26,'2020-06-14 08:22:54','2020-06-14 08:22:54'),(265,100,'onlinePayment','rentDeposit','id_100314638100',NULL,NULL,'2020-06-14 08:23:09','2020-06-14 08:23:09'),(266,102,'idDocument','idDocument','uploads/user_102/idDocument.pdf',NULL,NULL,'2020-06-15 08:09:53','2020-06-15 08:09:53'),(267,102,'bankStatement','bankStatement','uploads/user_102/bankStatement.pdf',NULL,NULL,'2020-06-15 08:09:53','2020-06-15 08:09:53'),(268,102,'payslip','payslip','uploads/user_102/payslip.pdf',NULL,NULL,'2020-06-15 08:09:53','2020-06-15 08:09:53'),(269,102,'proofOfPayment','proofOfPayment','uploads/user_102/proofOfPayment.pdf',NULL,NULL,'2020-06-15 08:10:45','2020-06-15 08:10:45'),(270,102,'document','creditReport','reports/user_102/creditReport_9903095479081.pdf',NULL,NULL,'2020-06-15 08:22:41','2020-06-15 08:22:41'),(271,101,'idDocument','idDocument','uploads/user_101/idDocument.pdf',NULL,NULL,'2020-06-15 08:27:39','2020-06-15 08:27:39'),(272,101,'bankStatement','bankStatement','uploads/user_101/bankStatement.pdf',NULL,NULL,'2020-06-15 08:27:39','2020-06-15 08:27:39'),(273,101,'payslip','payslip','uploads/user_101/payslip.pdf',NULL,NULL,'2020-06-15 08:27:39','2020-06-15 08:27:39'),(274,101,'onlinePayment','proofOfPayment','id_1011217648101',NULL,NULL,'2020-06-15 08:27:57','2020-06-15 08:27:57'),(275,101,'document','creditReport','reports/user_101/creditReport_8404055028084.pdf',NULL,NULL,'2020-06-15 08:28:21','2020-06-15 08:28:21'),(276,101,'document','creditReport','Error While Processing the Request, Please contact XDS',NULL,NULL,'2020-06-15 08:28:37','2020-06-15 08:28:37'),(277,101,'document','creditReport','Error While Processing the Request, Please contact XDS',NULL,NULL,'2020-06-15 08:28:48','2020-06-15 08:28:48'),(278,103,'idDocument','idDocument','uploads/user_103/idDocument.pdf',NULL,NULL,'2020-06-15 09:26:04','2020-06-15 09:26:04'),(279,103,'bankStatement','bankStatement','uploads/user_103/bankStatement.pdf',NULL,NULL,'2020-06-15 09:26:04','2020-06-15 09:26:04'),(280,103,'payslip','payslip','uploads/user_103/payslip.pdf',NULL,NULL,'2020-06-15 09:26:04','2020-06-15 09:26:04'),(281,103,'proofOfPayment','proofOfPayment','uploads/user_103/proofOfPayment.pdf',NULL,NULL,'2020-06-15 09:27:02','2020-06-15 09:27:02'),(282,103,'document','creditReport','reports/user_103/creditReport_9903095479081.pdf',NULL,NULL,'2020-06-15 09:27:43','2020-06-15 09:27:43'),(283,103,'checkbox',NULL,'on',17,27,'2020-06-15 09:32:21','2020-06-15 09:32:21'),(284,103,'checkbox',NULL,'on',16,27,'2020-06-15 09:32:21','2020-06-15 09:32:21'),(285,103,'onlinePayment','rentDeposit','id_1033044709103',NULL,NULL,'2020-06-15 09:33:04','2020-06-15 09:33:04'),(286,103,'leaseAgreement','leaseAgreement','uploads/user_103/leaseAgreement.pdf',NULL,NULL,'2020-06-15 09:34:09','2020-06-15 09:34:09'),(287,103,'keySlip','keySlip','uploads/user_103/keySlip.pdf',NULL,NULL,'2020-06-15 09:34:09','2020-06-15 09:34:09'),(288,104,'idDocument','idDocument','uploads/user_104/idDocument.jpeg',NULL,NULL,'2020-06-15 17:46:05','2020-06-15 17:46:05'),(289,104,'bankStatement','bankStatement','uploads/user_104/bankStatement.jpeg',NULL,NULL,'2020-06-15 17:46:05','2020-06-15 17:46:05'),(290,104,'payslip','payslip','uploads/user_104/payslip.jpeg',NULL,NULL,'2020-06-15 17:46:05','2020-06-15 17:46:05'),(291,104,'onlinePayment','proofOfPayment','id_1042705516104',NULL,NULL,'2020-06-15 17:46:54','2020-06-15 17:46:54'),(292,104,'document','creditReport','reports/user_104/creditReport_8312305038086.pdf',NULL,NULL,'2020-06-15 17:47:30','2020-06-15 17:47:30'),(293,105,'idDocument','idDocument','uploads/user_105/idDocument.pdf',NULL,NULL,'2020-06-17 08:10:31','2020-06-17 08:10:31'),(294,105,'bankStatement','bankStatement','uploads/user_105/bankStatement.pdf',NULL,NULL,'2020-06-17 08:10:31','2020-06-17 08:10:31'),(295,105,'payslip','payslip','uploads/user_105/payslip.pdf',NULL,NULL,'2020-06-17 08:10:31','2020-06-17 08:10:31'),(296,105,'onlinePayment','proofOfPayment','id_1053308570105',NULL,NULL,'2020-06-17 08:10:56','2020-06-17 08:10:56'),(297,105,'document','creditReport','reports/user_105/creditReport_9903095479081.pdf',NULL,NULL,'2020-06-17 08:11:24','2020-06-17 08:11:24'),(298,105,'checkbox',NULL,'on',17,28,'2020-06-18 12:04:41','2020-06-18 12:04:41'),(299,105,'checkbox',NULL,'on',16,28,'2020-06-18 12:04:41','2020-06-18 12:04:41'),(300,106,'idDocument','idDocument','uploads/user_106/idDocument.jpg',NULL,NULL,'2020-06-22 05:33:29','2020-06-22 05:33:29'),(301,106,'bankStatement','bankStatement','uploads/user_106/bankStatement.jpg',NULL,NULL,'2020-06-22 05:33:29','2020-06-22 05:33:29'),(302,106,'payslip','payslip','uploads/user_106/payslip.jpg',NULL,NULL,'2020-06-22 05:33:29','2020-06-22 05:33:29'),(303,106,'onlinePayment','proofOfPayment','id_1064584650106',NULL,NULL,'2020-06-22 05:35:31','2020-06-22 05:35:31'),(304,106,'document','creditReport','reports/user_106/creditReport_8404055028084.pdf',NULL,NULL,'2020-06-22 05:36:04','2020-06-22 05:36:04'),(305,106,'document','creditReport','reports/user_106/creditReport_8404055028084.pdf',NULL,NULL,'2020-06-22 05:36:18','2020-06-22 05:36:18'),(306,106,'checkbox',NULL,'on',17,29,'2020-06-22 05:53:47','2020-06-22 05:53:47'),(307,106,'checkbox',NULL,'on',16,29,'2020-06-22 05:53:47','2020-06-22 05:53:47'),(308,106,'onlinePayment','rentDeposit','id_1061457225106',NULL,NULL,'2020-06-22 05:55:56','2020-06-22 05:55:56'),(309,106,'leaseAgreement','leaseAgreement','uploads/user_106/leaseAgreement.pdf',NULL,NULL,'2020-06-22 05:58:47','2020-06-22 05:58:47'),(310,106,'keySlip','keySlip','uploads/user_106/keySlip.pdf',NULL,NULL,'2020-06-22 05:58:47','2020-06-22 05:58:47'),(311,108,'idDocument','idDocument','uploads/user_108/idDocument.jpg',NULL,NULL,'2020-06-22 08:44:22','2020-06-22 08:44:22'),(312,108,'bankStatement','bankStatement','uploads/user_108/bankStatement.jpg',NULL,NULL,'2020-06-22 08:44:22','2020-06-22 08:44:22'),(313,108,'payslip','payslip','uploads/user_108/payslip.jpg',NULL,NULL,'2020-06-22 08:44:22','2020-06-22 08:44:22'),(314,108,'onlinePayment','proofOfPayment','id_1082995772108',NULL,NULL,'2020-06-22 08:45:30','2020-06-22 08:45:30'),(315,108,'document','creditReport','reports/user_108/creditReport_8404055028084.pdf',NULL,NULL,'2020-06-22 08:45:58','2020-06-22 08:45:58'),(316,108,'document','creditReport','reports/user_108/creditReport_8404055028084.pdf',NULL,NULL,'2020-06-22 08:46:13','2020-06-22 08:46:13'),(317,105,'onlinePayment','rentDeposit','id_1053344053105',NULL,NULL,'2020-06-23 13:35:00','2020-06-23 13:35:00'),(318,105,'leaseAgreement','leaseAgreement','uploads/user_105/leaseAgreement.pdf',NULL,NULL,'2020-06-23 13:35:53','2020-06-23 13:35:53'),(319,105,'keySlip','keySlip','uploads/user_105/keySlip.pdf',NULL,NULL,'2020-06-23 13:35:53','2020-06-23 13:35:53'),(320,115,'idDocument','idDocument','uploads/user_115/idDocument.jpg',NULL,NULL,'2020-07-08 16:21:38','2020-07-08 16:21:38'),(321,115,'bankStatement','bankStatement','uploads/user_115/bankStatement.jpg',NULL,NULL,'2020-07-08 16:21:38','2020-07-08 16:21:38'),(322,115,'payslip','payslip','uploads/user_115/payslip.jpg',NULL,NULL,'2020-07-08 16:21:38','2020-07-08 16:21:38');
/*!40000 ALTER TABLE `applicantdata` ENABLE KEYS */;
UNLOCK TABLES;

--
-- Table structure for table `applicantdetails`
--

DROP TABLE IF EXISTS `applicantdetails`;
/*!40101 SET @saved_cs_client     = @@character_set_client */;
/*!50503 SET character_set_client = utf8mb4 */;
CREATE TABLE `applicantdetails` (
  `id` int(11) NOT NULL AUTO_INCREMENT,
  `firstName` varchar(50) COLLATE utf8_unicode_ci DEFAULT NULL,
  `lastName` varchar(50) COLLATE utf8_unicode_ci DEFAULT NULL,
  `email` varchar(50) COLLATE utf8_unicode_ci DEFAULT NULL,
  `phone` varchar(15) COLLATE utf8_unicode_ci DEFAULT NULL,
  `altPhone` varchar(15) COLLATE utf8_unicode_ci DEFAULT NULL,
  `idPassportNo` varchar(45) COLLATE utf8_unicode_ci DEFAULT NULL,
  `dob` varchar(45) COLLATE utf8_unicode_ci DEFAULT NULL,
  `maritalStatus` varchar(50) COLLATE utf8_unicode_ci DEFAULT NULL,
  `spouseFullName` varchar(250) COLLATE utf8_unicode_ci DEFAULT NULL,
  `spouseIdPassportNo` varchar(50) COLLATE utf8_unicode_ci DEFAULT NULL,
  `spouseEmail` varchar(250) COLLATE utf8_unicode_ci DEFAULT NULL,
  `spouseConsent` varchar(45) COLLATE utf8_unicode_ci DEFAULT NULL,
  `address` varchar(100) COLLATE utf8_unicode_ci DEFAULT NULL,
  `occupation` varchar(45) COLLATE utf8_unicode_ci DEFAULT NULL,
  `totalIncome` float DEFAULT NULL,
  `totalExpenses` float DEFAULT NULL,
  `rentTrench` int(11) NOT NULL DEFAULT '1',
  `noOfPeople` int(11) DEFAULT NULL,
  `agesOfPeople` varchar(45) COLLATE utf8_unicode_ci DEFAULT NULL,
  `employer` varchar(250) COLLATE utf8_unicode_ci DEFAULT NULL,
  `employerContact` varchar(250) COLLATE utf8_unicode_ci DEFAULT NULL,
  `nextOfKin` varchar(100) COLLATE utf8_unicode_ci DEFAULT NULL,
  `nextOfKinContact` varchar(250) COLLATE utf8_unicode_ci DEFAULT NULL,
  `bankName` varchar(250) COLLATE utf8_unicode_ci DEFAULT NULL,
  `branchCode` varchar(45) COLLATE utf8_unicode_ci DEFAULT NULL,
  `accountNumber` varchar(45) COLLATE utf8_unicode_ci DEFAULT NULL,
  `accountType` varchar(45) COLLATE utf8_unicode_ci DEFAULT NULL,
  `housing` varchar(45) COLLATE utf8_unicode_ci DEFAULT NULL,
  `unitApproved` varchar(45) COLLATE utf8_unicode_ci DEFAULT 'n',
  `trainingComplete` varchar(45) COLLATE utf8_unicode_ci DEFAULT 'n',
  `applicationFee` varchar(45) COLLATE utf8_unicode_ci DEFAULT 'unpaid',
  `deleted` enum('y','n') COLLATE utf8_unicode_ci DEFAULT NULL COMMENT 'y=yes, n=no',
  `dateCreated` datetime DEFAULT CURRENT_TIMESTAMP,
  `dateUpdated` datetime DEFAULT CURRENT_TIMESTAMP,
  `userID` int(11) unsigned DEFAULT NULL,
  PRIMARY KEY (`id`)
) ENGINE=InnoDB AUTO_INCREMENT=57 DEFAULT CHARSET=utf8 COLLATE=utf8_unicode_ci;
/*!40101 SET character_set_client = @saved_cs_client */;

--
-- Dumping data for table `applicantdetails`
--

LOCK TABLES `applicantdetails` WRITE;
/*!40000 ALTER TABLE `applicantdetails` DISABLE KEYS */;
INSERT INTO `applicantdetails` VALUES (1,'JK','du Toit','jk@thetalentindex.com','0824662449','0824662449','8404055028084','04/05/1984','Divorced',NULL,'0',NULL,NULL,'Unit 2 Giavcompo, Bryanston','Test',4900,1200,2,NULL,NULL,'Tests','0809809899','Jess G','0663957746','Capitec Bank','470010','1541038752','SAVINGSACCOUNT',NULL,'n','n','unpaid',NULL,'2020-05-20 14:11:33','2020-05-20 14:11:33',53),(2,'Riaan','Van Biljon','riaan@zelriprop.co.za','0723854197','0723854197','8703025097081','03/02/1987','Married',NULL,'8905030206082',NULL,NULL,'138 Cygnus Street, Waterkloof Ridge','Estate Agent',4200,2500,2,NULL,NULL,'Zelri Properties','0123434548','Ingrid Van Biljon','0728957702','First National Bank','250655','62202253209','CURRENTCHEQUEACCOUNT',NULL,'n','n','unpaid',NULL,'2020-05-20 23:00:45','2020-05-20 23:00:45',62),(3,'Etienne','Meyer','christian.meyer082@gmail.com','0820775942','0820775942','9608295304084','08/29/1996','Single',NULL,'0',NULL,NULL,'171 Anderson Avenue','Investment manager',15000,6000,5,NULL,NULL,'NMVE Capital','0824662449','Hugonette Meyer','082 0775942','ABSA','422105','9277883947','CURRENTCHEQUEACCOUNT',NULL,'n','n','unpaid',NULL,'2020-05-21 06:49:51','2020-05-21 06:49:51',63),(4,'Keenan','George','keenangrg@gmail.com','0835851927','0835851927','9205285161085','05/28/1992','Married',NULL,'',NULL,NULL,'1 Flame Close Vredenberg','Cleaner',10000,5000,4,NULL,NULL,'Smart-View Technology','0219523727','Charnte','0742611116','ABSA','630632','4087084085','CURRENTCHEQUEACCOUNT',NULL,'n','n','unpaid',NULL,'2020-05-22 08:16:39','2020-05-22 08:16:39',64),(5,'Munashe','Mupfururirwa ','mupfururirwawilliam@gmail.com','067 368 0477 ','0723523062 ','9811016625515','11/01/1998','Single',NULL,'0',NULL,NULL,'9318 Zuma Street ','System Administrator ',10000,2899,4,NULL,NULL,'Smart-view technology ','067 368 0477 ','Patricia Gavhu ','0744434251','ABSA','635001','4094 6448 02 ','CURRENTCHEQUEACCOUNT',NULL,'n','n','unpaid',NULL,'2020-05-22 17:23:17','2020-05-22 17:23:17',49),(6,'Ingrid','Van Biljon','ingrid@zelriproperties.co.za','0728957702','0728957702','6501210020088','01/21/1965','Single',NULL,'0',NULL,NULL,'281 Lyra street, Waterkloof Ridge, Pretoria','Estate Agent',10000,8000,4,NULL,NULL,'Zelri Properties','0123434548','Riaan van Biljon','0723854197','First National Bank','250655','123456789','CURRENTCHEQUEACCOUNT',NULL,'n','n','unpaid',NULL,'2020-05-26 19:35:13','2020-05-26 19:35:13',65),(7,'ilana','du Toit','ilanadutoit85@gmail.com','0661648654','0661648654',NULL,NULL,NULL,NULL,'',NULL,NULL,NULL,NULL,NULL,NULL,1,NULL,NULL,NULL,NULL,NULL,NULL,NULL,NULL,NULL,NULL,NULL,'n','n','unpaid',NULL,'2020-06-01 09:33:17','2020-06-01 09:33:17',67),(8,'ilana','du Toit','ilana@geniusreserve.com','0661648654','0661648654','8505220085088','05/22/1985','Divorced',NULL,'0',NULL,NULL,'73 Gardenia Street','Recruitment consultant',6000,3500,3,NULL,NULL,'Mentospot','Mentospot','Leon Steenkamp','0825543741','First National Bank','1234','875702647263986','CURRENTCHEQUEACCOUNT',NULL,'n','n','unpaid',NULL,'2020-06-01 09:37:17','2020-06-01 09:37:17',68),(9,'Pierre ','Fourie','pierrefourie@geniusreserve.com','+447876451777','+447876451777',NULL,NULL,NULL,NULL,'',NULL,NULL,NULL,NULL,NULL,NULL,1,NULL,NULL,NULL,NULL,NULL,NULL,NULL,NULL,NULL,NULL,NULL,'n','n','unpaid',NULL,'2020-06-08 12:39:16','2020-06-08 12:39:16',69),(10,'Juan','Vorster','juan@tasklogix.co.za','0791978070','0791978070','7810305255080','10/30/1978','Married',NULL,'',NULL,NULL,'17A pieter Joubert Street','yuoiiu',6000,3000,3,NULL,NULL,'yuioyui','jhlkjkj','hjhj','vjhjm','First National Bank','11','11','CURRENTCHEQUEACCOUNT',NULL,'n','n','unpaid',NULL,'2020-06-09 09:09:52','2020-06-09 09:09:52',70),(11,'Munashe','Mupfururirwa','mmupfururirwa@smartviewtechnology.co.za','0673680477','0673680477','9811015487932','','Single','NULL','0','NULL',NULL,'9318 Zuma Street','Junior Software Developer',8000,5000,4,NULL,NULL,'Smart-View Technology Pty Ltd','0632658898','Patricia Gavhu','0744434251','ABSA','60356','4094644802','CURRENTCHEQUEACCOUNT','social','n','n','unpaid',NULL,'2020-06-10 11:11:42','2020-06-10 11:11:42',71),(12,'Munashe','Mupfururirwa','mmupfururirwa@smartviewtechnology.co.za','0673680477','0673680477','9811015487932','11/01/1998','Married','Munashe Mupfururirwa','9801024548444','mmupfururirwa@smartviewtechnology.co.za','y','9318 Zuma Street','Junior Software Developer',8000,5000,4,NULL,NULL,'Smart-View Technology Pty Ltd','0632658898','Patricia Gavhu','0673680477','ABSA','60356','4094644802','CURRENTCHEQUEACCOUNT','social','y','n','unpaid',NULL,'2020-06-10 12:21:17','2020-06-10 12:40:24',72),(13,'Munashe','Mupfururirwa','mmupfururirwa@smartviewtechnology.co.za','0673680477','0673680477','9811015487932','11/01/1998','Single','NULL','0','NULL',NULL,'9318 Zuma Street','Junior Software Developer',8000,5000,4,NULL,NULL,'Smart-View Technology Pty Ltd','0632658898','Patricia Gavhu','0673680477','ABSA','60356','4094644802','CURRENTCHEQUEACCOUNT','affordable','y','y','unpaid',NULL,'2020-06-10 12:55:51','2020-06-10 13:23:10',73),(14,'Test','Account','mmupfururirwa@smartviewtechnology.co.za','+27673680477','+27673680477',NULL,NULL,NULL,NULL,NULL,NULL,NULL,NULL,NULL,NULL,NULL,1,NULL,NULL,NULL,NULL,NULL,NULL,NULL,NULL,NULL,NULL,NULL,'n','n','unpaid',NULL,'2020-06-11 09:37:07','2020-06-11 09:37:07',74),(15,'Dave','Batista','mmupfururirwa@smartviewtechnology.co.za','+27673680477','+27673680477','9811015487932','11/01/1998','Married','Samatha Sam','9801024548444','mmupfururirwa@smartviewtechnology.co.za','y','673','Junior Software Developer',10000,5000,4,NULL,NULL,'Smart-View Technology Pty Ltd','0632658898','Patricia Gavhu','0673680477','ABSA','60356','4094644802','CURRENTCHEQUEACCOUNT','social','y','y','unpaid',NULL,'2020-06-11 13:47:37','2020-06-11 14:11:08',75),(16,'Demo','Test','mmupfururirwa@smartviewtechnology.co.za','+27673680477','+27673680477','9811015487932','11/01/1998','Single','NULL','0','NULL',NULL,'4567 Street','Tester',8000,5000,4,NULL,NULL,'HJ Softwares','0632658898','Patricia Gavhu','0673680477','ABSA','60356','4094644802','CURRENTCHEQUEACCOUNT','social','y','y','unpaid',NULL,'2020-06-11 14:22:09','2020-06-11 14:50:07',76),(17,'Munashe','Mupfururirwa','mmupfururirwa@smartviewtechnology.co.za','+27673680477','+27673680477','9811015487932','11/01/1998','Single','NULL','0','NULL',NULL,'9318 Zuma Street','Junior Software Developer',8000,5000,4,NULL,NULL,'Smart-View Technology Pty Ltd','0632658898','Patricia Gavhu','0673680477','ABSA','60356','4094644802','CURRENTCHEQUEACCOUNT','social','y','y','unpaid',NULL,'2020-06-11 15:03:40','2020-06-11 15:24:32',77),(18,'Keenan','George','mmupfururirwa@smartviewtechnology.co.za','+27673680477','+27673680477','920528516101','05/28/1992','Married','Charnte','9801024548444','mmupfururirwa@smartviewtechnology.co.za','y','1 Flameclose','Junior Software Developer',8000,5000,4,NULL,NULL,'Smart-View Technology Pty Ltd','0632658898','Patricia Gavhu','0673680477','ABSA','60356','4094644802','CURRENTCHEQUEACCOUNT','social','y','y','unpaid',NULL,'2020-06-11 15:29:39','2020-06-11 15:46:25',78),(19,'John','Kuseck','mmupfururirwa@smartviewtechnology.co.za','+27673680477','+27673680477','9811015487932','11/01/1998','Single','NULL','0','NULL',NULL,'56 Flma','Junior Software Developer',8000,5000,4,NULL,NULL,'Smart-View Technology Pty Ltd','0632658898','Patricia Gavhu','0673680477','ABSA','60356','4094644802','CURRENTCHEQUEACCOUNT','social','y','y','unpaid',NULL,'2020-06-11 22:47:37','2020-06-11 23:16:02',79),(20,'James','Fream','mmupfururirwa@smartviewtechnology.co.za','+27673680477','+27673680477','9811015487932','11/01/1998','Single','NULL','0','NULL',NULL,'32 dsf','Junior Software Developer',8000,5000,4,NULL,NULL,'Smart-View Technology Pty Ltd','0632658898','Patricia Gavhu','0673680477','ABSA','60356','4094644802','CURRENTCHEQUEACCOUNT','social','y','y','unpaid',NULL,'2020-06-11 23:42:13','2020-06-11 23:50:39',80),(21,'Keenan','George','keenan.merkaiconsulting@gmail.com','0835851927','0835851927',NULL,NULL,NULL,NULL,NULL,NULL,NULL,NULL,NULL,NULL,NULL,1,NULL,NULL,NULL,NULL,NULL,NULL,NULL,NULL,NULL,NULL,NULL,'n','n','unpaid',NULL,'2020-06-12 05:31:31','2020-06-12 05:31:31',81),(22,'Keenan','George','demo@smartviewtechnology.co.za','0835851927','0835851927','9205285161085','05/28/1992','Single','NULL','0','NULL',NULL,'1 Flame Close Vredenberg','Cleaner',5000,1000,2,NULL,NULL,'Smart-View Technology','0835851927','Charnte','0835851927','ABSA','630632','4087084085','CURRENTCHEQUEACCOUNT','affordable','y','y','unpaid',NULL,'2020-06-12 05:34:53','2020-06-12 06:33:59',82),(23,'Larry','Markson','mmupfururirwa@smartviewtechnology.co.za','+27673680477','+27673680477','9811015487932','11/01/1998','Married','Samatha','9801024548444','mmupfururirwa@smartviewtechnology.co.za','y','34 Terain Street','Junior Software Developer',12000,5000,5,NULL,NULL,'Smart-View Technology Pty Ltd','0632658898','Patricia Gavhu','0673680477','ABSA','60356','4094644802','CURRENTCHEQUEACCOUNT','social','y','y','unpaid',NULL,'2020-06-12 09:03:34','2020-06-12 09:17:55',83),(24,'Mark','Smith','mmupfururirwa@smartviewtechnology.co.za','+27673680477','+27673680477','9811015487932','11/01/1998','Married','Calee','9801024548444','mmupfururirwa@smartviewtechnology.co.za','y','36 Hoofstraat Bellville','Junior Software Developer',8000,5000,4,NULL,NULL,'Smart-View Technology Pty Ltd','0632658898','Patricia Gavhu','0673680477','ABSA','632520','4094644802','CURRENTCHEQUEACCOUNT','social','n','n','unpaid',NULL,'2020-06-12 09:31:50','2020-06-12 09:31:50',84),(25,'Wilson','Mupfuru','mmupfururirwa@smartviewtechnology.co.za','+27673680477','+27673680477','9811015487932','11/01/1998','Single','NULL','0','NULL',NULL,'89 Flam','Tester',15000,8000,5,NULL,NULL,'Smart-View Technology Pty Ltd','0632658898','Patricia Gavhu','0673680477','ABSA','60356','4094644802','CURRENTCHEQUEACCOUNT','social','y','y','unpaid',NULL,'2020-06-12 09:43:08','2020-06-12 10:17:26',85),(26,'JK','Du Toit','jkdutoit84@gmail.com','0824662449','0824662449','8404055028084','04/05/1984','Divorced','NULL','0','NULL',NULL,'Unit 2, Giacomo, 44 Arklow Road','General punching bag',6500,2300,3,NULL,NULL,'Self Employed ','Self','Jessica Mavis Amy Grobbelaar','0663957767','ABSA','jk\'fdajlk','jkljfdalkfjsdlk','CURRENTCHEQUEACCOUNT','social','y','y','unpaid',NULL,'2020-06-12 11:25:12','2020-06-12 11:48:22',86),(27,'Ibanathi','Nyangintsimbi','mmupfururirwa@smartviewtechnology.co.za','0640167566','0640167566','9903095479081','03/09/1999','Single','NULL','0','NULL',NULL,'72 Rissik Street Parow Valley','Tester',8000,5000,4,NULL,NULL,'Smart-View Technology Pty Ltd','0632658898','Muna','0673680477','Capitec Bank','470010','1623467258','CURRENTCHEQUEACCOUNT','social','y','y','unpaid',NULL,'2020-06-12 14:19:09','2020-06-12 14:40:38',87),(28,'Keenan','George','keenangrg@gmail.com','0835851927','0835851927','9205285161085','05/28/1992','Single','NULL','0','NULL',NULL,'1 Flame Close Vredenberg','CEO',9000,1000,4,NULL,NULL,'Smart-View Technology','0219523727','Charnte','0742611116','ABSA','630632','4087084085','CURRENTCHEQUEACCOUNT','social','y','y','unpaid',NULL,'2020-06-12 15:05:45','2020-06-12 15:18:01',88),(29,'Ibanathi','Nyangintsimbi','mmupfururirwa@smartviewtechnology.co.za','0744478789','0640167566','9903095479081','03/09/1999','Single','NULL','0','NULL',NULL,'72 Rissik Street Parow Valley','Tester',8000,5000,4,NULL,NULL,'Smart-View Technology Pty Ltd','0632658898','Muna','0673680477','ABSA','470010','1623467258','SAVINGSACCOUNT','social','n','n','unpaid',NULL,'2020-06-12 15:07:01','2020-06-12 15:33:31',89),(30,'Ibanathi','Nyangintsimbi','mmupfururirwa@smartviewtechnology.co.za','+27673680477','+27673680477','9903095479081','03/09/1999','Single','NULL','0','NULL',NULL,'72 Rissik Street Parow Valley','Tester',15000,5000,5,NULL,NULL,'HJ Softwares','0632658898','Patricia Gavhu','0673680477','Capitec Bank','470010','1623467258','SAVINGSACCOUNT','social','y','y','unpaid',NULL,'2020-06-12 19:46:04','2020-06-12 20:08:24',90),(31,'Jessica','Grobbebubble','jessgrobbelaar@gmail.com','0663957746','0663957746','8703020012085','03/02/1987','Single','NULL','0','NULL',NULL,'Protea Road','Marketing Director of international operation',6500,2300,3,NULL,NULL,'Pinnacloooo','jkdafjlks','mamabear','0825656018','ABSA','dafes','fdafsd','SAVINGSACCOUNT','social','n','n','unpaid',NULL,'2020-06-13 08:00:33','2020-06-13 08:00:33',91),(32,'Jessica','grobbelaar ','jk@thetalentindex.com','0824662449','0824662449','8703020012085','03/02/1987','Married','JK Du Toit','8404055028084','jk.dutoit@tgpdc.com',NULL,'Unit 2, Giacomo, 44 Arklow Road','tets',3400,800,1,NULL,NULL,'tsat','asdfsa','test','32432423','ABSA','34243','2342342','SAVINGSACCOUNT','social','n','n','unpaid',NULL,'2020-06-13 08:15:32','2020-06-13 08:15:32',92),(33,'Jessica','Grobbelaar','jessgrobbelaar@hotmail.com','0663957746','0663957746','8703020012085','03/02/1987','Married','John Anderson','8404055028084','jk.dutoit@tgpdc.com',NULL,'Unit 2 Giavcompo, Bryanston','Test',23232,34343,0,NULL,NULL,'Tests','test','Jess G','0825656018','ABSA','23342','342322r43','SAVINGSACCOUNT','affordable','n','n','unpaid',NULL,'2020-06-13 08:24:02','2020-06-13 08:24:02',93),(34,'Ibanathi','Nyangintsimbi','mmupfururirwa@smartviewtechnology.co.za','0640167566','0640167566','9903095479081','03/09/1999','Single','NULL','0','NULL',NULL,'72 Rissik Street Parow Valley','Tester',8000,5000,4,NULL,NULL,'Smart-View Technology Pty Ltd','0632658898','Patricia Gavhu','0673680477','ABSA','470010','1623467258','SAVINGSACCOUNT','social','y','y','unpaid',NULL,'2020-06-13 08:41:18','2020-06-13 09:06:34',94),(35,'Ibanathi','Nyangintsimbi','mmupfururirwa@smartviewtechnology.co.za','0640167566','0640167566','9903095479081','03/09/1999','Single','NULL','0','NULL',NULL,'72 Rissik Street Parow Valley','Tester',8000,5000,4,NULL,NULL,'Smart-View Technology Pty Ltd','0632658898','Muna','0673680477','Capitec Bank','470010','1623467258','SAVINGSACCOUNT','social','y','y','unpaid',NULL,'2020-06-13 09:11:09','2020-06-13 09:39:01',95),(36,'Ibanathi','Nyangintsimbi','mmupfururirwa@smartviewtechnology.co.za','0640167566','0640167566','9903095479081','03/09/1999','Single','NULL','0','NULL',NULL,'72 Rissik Street Parow Valley','Tester',15000,5000,5,NULL,NULL,'Smart-View Technology Pty Ltd','0632658898','Patricia Gavhu','0744434251','Capitec Bank','470010','1623467258','SAVINGSACCOUNT','social','y','y','unpaid',NULL,'2020-06-13 09:44:26','2020-06-13 09:53:57',96),(37,'jess','grobbelaar','jessgrobbelaar@gmail.com','0663957746','0663957746','8703020012085','03/02/1987','Single','NULL','0','NULL',NULL,'Unit 2 Giavcompo, Bryanston','twt',45909,2323,0,NULL,NULL,'Tests','test','mamabear','08265620928','ABSA','34245','432543','SAVINGSACCOUNT','affordable','n','n','unpaid',NULL,'2020-06-13 10:26:25','2020-06-13 10:26:25',97),(38,'Ibanathi','Nyangintsimbi','mmupfururirwa@smartviewtechnology.co.za','0640167566','0640167566','9903095479081','03/09/1999','Single','NULL','0','NULL',NULL,'72 Rissik Street Parow Valley','Junior Software Developer',15000,5000,5,NULL,NULL,'Smart-View Technology Pty Ltd','0632658898','Muna','0673680477','Capitec Bank','470010','1623467258','SAVINGSACCOUNT','social','y','y','unpaid',NULL,'2020-06-14 07:04:32','2020-06-14 07:22:10',98),(39,'Ibanathi','Nyangintsimbi','mmupfururirwa@smartviewtechnology.co.za','0640167566','0640167566','9903095479081','03/09/1999','Single','NULL','0','NULL',NULL,'72 Rissik Street Parow Valley','Tester',8000,5000,4,NULL,NULL,'Smart-View Technology Pty Ltd','0632658898','Muna','0673680477','Capitec Bank','470010','1623467258','SAVINGSACCOUNT','social','y','y','unpaid',NULL,'2020-06-14 07:51:42','2020-06-14 07:58:20',99),(40,'Ibanathi','Nyangintsimbi','mmupfururirwa@smartviewtechnology.co.za','0640167566','0640167566','9903095479081','03/09/1999','Single','NULL','0','NULL',NULL,'72 Rissik Street Parow Valley','Junior Software Developer',8000,5000,4,NULL,NULL,'Smart-View Technology Pty Ltd','0632658898','Muna','0673680477','Capitec Bank','470010','1623467258','SAVINGSACCOUNT','social','y','y','unpaid',NULL,'2020-06-14 08:17:40','2020-06-14 08:22:54',100),(41,'Peter','Test','jk@itakaneICT.com','0824662449','0824662449','8404055028084','04/05/1984','Married','Jessica','8703020012085','jessgrobbelaar@gmail.com',NULL,'Unit 2 Giavcompo, Bryanston','Test',55000,48000,0,NULL,NULL,'Tests','test','Jess G','0663957746','ABSA','431432134','4321432432','SAVINGSACCOUNT','affordable','n','n','unpaid',NULL,'2020-06-15 06:30:07','2020-06-15 06:30:07',101),(42,'Alexander','Zinyemba','noizzysounds@gmail.com','0732729065','0732729065','9903095479081','03/09/1999','Single','NULL','0','NULL',NULL,'9318 Zuma Street Zwelihle','Property Manager',15000,8000,5,NULL,NULL,'Benguela Cove','0632658898','Patricia Gavhu','0744434251','ABSA','60356','4094644802','CURRENTCHEQUEACCOUNT',NULL,'n','n','unpaid',NULL,'2020-06-15 08:06:23','2020-06-15 08:06:23',102),(43,NULL,NULL,'noizzysounds@gmail.com','0732729065','0732729065',NULL,NULL,NULL,NULL,NULL,NULL,NULL,NULL,NULL,NULL,NULL,1,NULL,NULL,NULL,NULL,NULL,NULL,NULL,NULL,NULL,NULL,NULL,'n','n','unpaid',NULL,'2020-06-15 09:12:50','2020-06-15 09:12:50',4),(44,'Ibanathi','Nyangintsimbi','fdmtestingdemo@gmail.com','0673680477','0673680477','9903095479081','03/09/1999','Single','NULL','0','NULL',NULL,'72 Rissik Street Parow Valley','Junior Software Developer',15000,10000,5,NULL,NULL,'Smart-View Technology Pty Ltd','0632658898','Patricia Gavhu','0673680477','Capitec Bank','470010','1623467258','SAVINGSACCOUNT','social','y','y','unpaid',NULL,'2020-06-15 09:18:04','2020-06-15 09:32:21',103),(45,'Wayne','Greyling','waynelgreyling@gmail.com','0724310289','0724310289','8312305038086','12/30/1983','Single','NULL','0','NULL',NULL,'45 Agapanthus Str ','Wayne',1000000,20000,0,NULL,NULL,'Fine & Country ','011000000','Xyz','102883562','First National Bank','259605','122546899','CURRENTCHEQUEACCOUNT','affordable','n','n','unpaid',NULL,'2020-06-15 17:40:46','2020-06-15 17:40:46',104),(46,'Ibanathi','Nyangintsimbi','mmupfururirwa@smartviewtechnology.co.za','0640167566','0640167566','9903095479081','03/09/1999','Single','NULL','0','NULL',NULL,'72 Rissik Street Parow Valley','Tester',8000,5000,4,NULL,NULL,'Smart-View Technology Pty Ltd','0632658898','Patricia Gavhu','0744434251','Capitec Bank','470010','1623467258','SAVINGSACCOUNT','social','y','y','unpaid',NULL,'2020-06-17 08:07:59','2020-06-18 12:04:41',105),(47,'Kerryn','Campion','kerryn@packt.co.za','0828001788','0828001788','8404055028084','04/05/1984','Single','NULL','0','NULL',NULL,'Protea Road','Test',7000,2000,3,NULL,NULL,'Test','080938290','AB Moosa','08934798023','ABSA','789432798432','89083429013','SAVINGSACCOUNT','social','y','y','unpaid',NULL,'2020-06-22 05:26:41','2020-06-22 05:53:47',106),(48,'Nic','Meyer','nic\"cpbonline.co.za','0725672106','0725672106',NULL,NULL,NULL,NULL,NULL,NULL,NULL,NULL,NULL,NULL,NULL,1,NULL,NULL,NULL,NULL,NULL,NULL,NULL,NULL,NULL,NULL,NULL,'n','n','unpaid',NULL,'2020-06-22 08:32:40','2020-06-22 08:32:40',107),(49,'Nic','Meyer','nic@cpbonline.co.za','0725672106','0725672106','8404055028084','04/05/1984','Single','NULL','0','NULL',NULL,'1059 Pecan Ave Heritage Hill','Test',55000,2300,0,NULL,NULL,'Tests','0809809899','Jess G','08265620928','ABSA','23342','4321432432','CURRENTCHEQUEACCOUNT','affordable','n','n','unpaid',NULL,'2020-06-22 08:33:24','2020-06-22 08:33:24',108),(50,'ebo','quagraine','ebo@propertyzz.com','0722215231','0722215231','8407176120181','07/17/1984','Single','NULL','0','NULL',NULL,'fhjhgjhgg  jkhkjh ','ffhhf',50000000,50000,0,NULL,NULL,'mnknln','mnlm.,m','gjgjhkj','kjkjhk','ABSA','000','56567uguh8i','CURRENTCHEQUEACCOUNT','affordable','n','n','unpaid',NULL,'2020-06-29 14:11:01','2020-06-29 14:11:01',109),(51,'Reneal','Singh','reneal@nmvecapital.com','0765539539','0765539539',NULL,NULL,NULL,NULL,NULL,NULL,NULL,NULL,NULL,NULL,NULL,1,NULL,NULL,NULL,NULL,NULL,NULL,NULL,NULL,NULL,NULL,NULL,'n','n','unpaid',NULL,'2020-07-02 13:17:34','2020-07-02 13:17:34',110),(52,'Peggy','Setlawane','peggy@bpdev.co.za','0725361081','0725361081',NULL,NULL,NULL,NULL,NULL,NULL,NULL,NULL,NULL,NULL,NULL,1,NULL,NULL,NULL,NULL,NULL,NULL,NULL,NULL,NULL,NULL,NULL,'n','n','unpaid',NULL,'2020-07-07 09:31:06','2020-07-07 09:31:06',111),(53,'Peggy','Setlawane','peggy.malatji@gmail.com','0725361081','0725361081',NULL,NULL,NULL,NULL,NULL,NULL,NULL,NULL,NULL,NULL,NULL,1,NULL,NULL,NULL,NULL,NULL,NULL,NULL,NULL,NULL,NULL,NULL,'n','n','unpaid',NULL,'2020-07-07 10:27:54','2020-07-07 10:27:54',112),(54,'Christian','Meyer','christian@nmvecapital.com','0820775942','0820775942',NULL,NULL,NULL,NULL,NULL,NULL,NULL,NULL,NULL,NULL,NULL,1,NULL,NULL,NULL,NULL,NULL,NULL,NULL,NULL,NULL,NULL,NULL,'n','n','unpaid',NULL,'2020-07-08 10:21:19','2020-07-08 10:21:19',113),(55,'Duane','de Villiers','duanie41@gmail.com','0837946634','0837946634','9609095106083','09/09/1996','Single','NULL','0','NULL',NULL,'148 Senior drive','Software Engineer',24000,16000,0,NULL,NULL,'Kopano','0114780974',NULL,NULL,'ABSA','632 005','4085590024','CURRENTCHEQUEACCOUNT','affordable','n','n','unpaid',NULL,'2020-07-08 10:40:01','2020-07-08 10:40:01',114),(56,'Brennie','Jacobus','drummer.bren@gmail.com','0833892171','0833892171','9507195046086','07/19/1995','Single','NULL','0','NULL',NULL,'24a 12th Avenue Parktown North','Software Dev',8000,6500,4,NULL,NULL,'ATKV','0119199000','Chris','082 0775942','First National Bank','250655','62389425664','CURRENTCHEQUEACCOUNT','social','n','n','unpaid',NULL,'2020-07-08 16:18:14','2020-07-08 16:18:14',115);
/*!40000 ALTER TABLE `applicantdetails` ENABLE KEYS */;
UNLOCK TABLES;

--
-- Table structure for table `applicantunitallocation`
--

DROP TABLE IF EXISTS `applicantunitallocation`;
/*!40101 SET @saved_cs_client     = @@character_set_client */;
/*!50503 SET character_set_client = utf8mb4 */;
CREATE TABLE `applicantunitallocation` (
  `id` int(11) NOT NULL AUTO_INCREMENT,
  `name` varchar(250) COLLATE utf8_unicode_ci DEFAULT NULL,
  `applicantID` int(11) DEFAULT NULL,
  `unitID` int(11) NOT NULL,
  `dateCreated` datetime DEFAULT NULL,
  `dateUpdated` datetime DEFAULT NULL,
  PRIMARY KEY (`id`),
  KEY `applicantID` (`applicantID`),
  KEY `unitID` (`unitID`),
  CONSTRAINT `applicantunitallocation_ibfk_1` FOREIGN KEY (`applicantID`) REFERENCES `applicantdetails` (`id`),
  CONSTRAINT `applicantunitallocation_ibfk_2` FOREIGN KEY (`unitID`) REFERENCES `units` (`id`)
) ENGINE=InnoDB AUTO_INCREMENT=15 DEFAULT CHARSET=utf8 COLLATE=utf8_unicode_ci;
/*!40101 SET character_set_client = @saved_cs_client */;

--
-- Dumping data for table `applicantunitallocation`
--

LOCK TABLES `applicantunitallocation` WRITE;
/*!40000 ALTER TABLE `applicantunitallocation` DISABLE KEYS */;
INSERT INTO `applicantunitallocation` VALUES (1,'Larry',23,19,'2020-06-12 09:17:40','2020-06-12 09:17:40'),(2,'Wilson',25,34,'2020-06-12 10:17:13','2020-06-12 10:17:13'),(3,'JK',26,35,'2020-06-12 11:48:03','2020-06-12 11:48:03'),(4,'Ibanathi',27,36,'2020-06-12 14:40:26','2020-06-12 14:40:26'),(5,'Keenan',28,37,'2020-06-12 15:17:49','2020-06-12 15:17:49'),(6,'Ibanathi',30,39,'2020-06-12 20:08:10','2020-06-12 20:08:10'),(7,'Ibanathi',34,38,'2020-06-13 09:06:19','2020-06-13 09:06:19'),(8,'Ibanathi',35,40,'2020-06-13 09:38:49','2020-06-13 09:38:49'),(9,'Ibanathi',36,41,'2020-06-13 09:53:45','2020-06-13 09:53:45'),(10,'Ibanathi',33,42,'2020-06-14 07:59:28','2020-06-14 07:59:28'),(11,'Ibanathi',34,43,'2020-06-14 08:23:09','2020-06-14 08:23:09'),(12,'Ibanathi',44,45,'2020-06-15 09:33:04','2020-06-15 09:33:04'),(13,'Kerryn',47,47,'2020-06-22 05:55:56','2020-06-22 05:55:56'),(14,'Ibanathi',46,46,'2020-06-23 13:35:01','2020-06-23 13:35:01');
/*!40000 ALTER TABLE `applicantunitallocation` ENABLE KEYS */;
UNLOCK TABLES;

--
-- Table structure for table `applications`
--

DROP TABLE IF EXISTS `applications`;
/*!40101 SET @saved_cs_client     = @@character_set_client */;
/*!50503 SET character_set_client = utf8mb4 */;
CREATE TABLE `applications` (
  `id` int(11) NOT NULL AUTO_INCREMENT,
  `userID` int(11) NOT NULL,
  `complexID` int(11) DEFAULT NULL,
  `unitID` int(11) DEFAULT NULL,
  `rentTrenchID` int(11) DEFAULT NULL,
  `applicationStatus` enum('p','d','a','i','s','r','t') COLLATE utf8_unicode_ci NOT NULL DEFAULT 'p',
  `applicationFee` varchar(45) COLLATE utf8_unicode_ci NOT NULL DEFAULT 'unpaid',
  `dateCreated` datetime DEFAULT NULL,
  `dateUpdated` datetime DEFAULT NULL,
  `isDeleted` enum('y','n') COLLATE utf8_unicode_ci NOT NULL DEFAULT 'n',
  PRIMARY KEY (`id`),
  KEY `applicantID` (`userID`)
) ENGINE=InnoDB AUTO_INCREMENT=42 DEFAULT CHARSET=utf8 COLLATE=utf8_unicode_ci;
/*!40101 SET character_set_client = @saved_cs_client */;

--
-- Dumping data for table `applications`
--

LOCK TABLES `applications` WRITE;
/*!40000 ALTER TABLE `applications` DISABLE KEYS */;
INSERT INTO `applications` VALUES (1,53,2,NULL,NULL,'d','paid','2020-05-20 14:12:47','2020-05-21 00:00:00','n'),(2,63,7,18,NULL,'a','paid','2020-05-21 06:57:42','2020-05-21 06:57:42','n'),(3,62,2,22,NULL,'a','paid','2020-05-21 13:28:44','2020-05-21 13:28:44','n'),(4,64,6,14,NULL,'a','paid','2020-05-22 08:19:31','2020-05-22 08:19:31','n'),(5,49,6,NULL,NULL,'p','paid','2020-05-22 17:31:53','2020-05-22 17:31:53','y'),(6,65,2,23,NULL,'a','paid','2020-05-26 19:44:58','2020-05-26 19:44:58','n'),(7,68,6,21,NULL,'a','paid','2020-06-01 09:52:17','2020-06-01 09:52:17','n'),(8,70,2,NULL,NULL,'p','paid','2020-06-09 09:14:04','2020-06-09 09:14:04','n'),(9,72,2,24,NULL,'a','unpaid','2020-06-10 12:27:02','2020-06-10 12:27:02','n'),(10,73,2,25,NULL,'a','unpaid','2020-06-10 13:05:28','2020-06-10 13:05:28','n'),(11,75,6,26,NULL,'a','paid','2020-06-11 13:53:12','2020-06-11 00:00:00','n'),(12,76,2,27,NULL,'a','paid','2020-06-11 14:26:09','2020-06-11 00:00:00','n'),(13,77,2,28,NULL,'a','paid','2020-06-11 15:12:01','2020-06-12 00:00:00','n'),(14,78,2,29,NULL,'a','paid','2020-06-11 15:40:54','2020-06-11 00:00:00','n'),(15,79,2,30,NULL,'a','paid','2020-06-11 22:57:34','2020-06-11 00:00:00','n'),(16,80,2,31,NULL,'a','paid','2020-06-11 23:46:28','2020-06-11 00:00:00','n'),(17,82,2,33,NULL,'a','paid','2020-06-12 05:39:18','2020-06-12 00:00:00','n'),(18,83,2,19,NULL,'a','paid','2020-06-12 09:06:38','2020-06-12 00:00:00','n'),(19,85,2,34,NULL,'a','paid','2020-06-12 10:00:55','2020-06-12 00:00:00','n'),(20,86,2,35,NULL,'a','paid','2020-06-12 11:31:49','2020-06-12 00:00:00','n'),(21,87,2,36,NULL,'a','paid','2020-06-12 14:28:03','2020-06-12 00:00:00','n'),(22,88,2,37,NULL,'a','paid','2020-06-12 15:09:28','2020-06-12 00:00:00','n'),(23,89,2,38,NULL,'t','paid','2020-06-12 15:10:58','2020-06-12 00:00:00','n'),(24,90,2,39,NULL,'a','paid','2020-06-12 19:54:23','2020-06-12 00:00:00','n'),(25,85,2,NULL,NULL,'i','paid','2020-06-13 06:15:09','2020-06-13 00:00:00','y'),(26,91,6,NULL,NULL,'i','paid','2020-06-13 08:06:24','2020-06-13 00:00:00','y'),(27,93,6,NULL,NULL,'p','paid','2020-06-13 08:29:16','2020-06-13 08:29:16','n'),(28,94,2,38,NULL,'a','paid','2020-06-13 08:44:51','2020-06-13 00:00:00','n'),(29,95,7,40,NULL,'a','paid','2020-06-13 09:23:48','2020-06-13 00:00:00','n'),(30,96,2,41,NULL,'a','paid','2020-06-13 09:47:36','2020-06-13 00:00:00','n'),(31,97,2,NULL,NULL,'p','paid','2020-06-13 10:28:14','2020-06-13 10:28:14','n'),(32,98,2,44,NULL,'a','paid','2020-06-14 07:12:06','2020-06-14 00:00:00','n'),(33,99,2,42,NULL,'a','paid','2020-06-14 07:54:57','2020-06-14 00:00:00','n'),(34,100,2,43,NULL,'a','paid','2020-06-14 08:20:13','2020-06-14 00:00:00','n'),(35,102,2,NULL,NULL,'d','paid','2020-06-15 08:10:45','2020-06-15 00:00:00','n'),(36,101,7,NULL,NULL,'p','paid','2020-06-15 08:27:57','2020-06-15 08:27:57','n'),(37,103,2,45,NULL,'a','paid','2020-06-15 09:27:02','2020-06-15 00:00:00','n'),(38,104,2,NULL,NULL,'i','paid','2020-06-15 17:46:54','2020-06-15 00:00:00','n'),(39,105,2,46,NULL,'a','paid','2020-06-17 08:10:55','2020-06-18 00:00:00','n'),(40,106,2,47,NULL,'a','paid','2020-06-22 05:35:31','2020-06-22 00:00:00','n'),(41,108,2,NULL,NULL,'i','paid','2020-06-22 08:45:30','2020-06-22 00:00:00','n');
/*!40000 ALTER TABLE `applications` ENABLE KEYS */;
UNLOCK TABLES;

--
-- Table structure for table `checklist`
--

DROP TABLE IF EXISTS `checklist`;
/*!40101 SET @saved_cs_client     = @@character_set_client */;
/*!50503 SET character_set_client = utf8mb4 */;
CREATE TABLE `checklist` (
  `id` int(11) NOT NULL AUTO_INCREMENT,
  `name` varchar(255) COLLATE utf8_unicode_ci DEFAULT NULL,
  `description` longtext COLLATE utf8_unicode_ci,
  `dateCreated` datetime DEFAULT NULL,
  `dateUpdated` datetime DEFAULT NULL,
  PRIMARY KEY (`id`)
) ENGINE=InnoDB DEFAULT CHARSET=utf8 COLLATE=utf8_unicode_ci;
/*!40101 SET character_set_client = @saved_cs_client */;

--
-- Dumping data for table `checklist`
--

LOCK TABLES `checklist` WRITE;
/*!40000 ALTER TABLE `checklist` DISABLE KEYS */;
/*!40000 ALTER TABLE `checklist` ENABLE KEYS */;
UNLOCK TABLES;

--
-- Table structure for table `complex`
--

DROP TABLE IF EXISTS `complex`;
/*!40101 SET @saved_cs_client     = @@character_set_client */;
/*!50503 SET character_set_client = utf8mb4 */;
CREATE TABLE `complex` (
  `id` int(11) NOT NULL AUTO_INCREMENT,
  `region` varchar(100) COLLATE utf8_unicode_ci NOT NULL,
  `complexName` varchar(100) COLLATE utf8_unicode_ci NOT NULL,
  `orgID` int(11) DEFAULT NULL,
  `description` longtext COLLATE utf8_unicode_ci NOT NULL,
  `address` varchar(100) COLLATE utf8_unicode_ci NOT NULL,
  `dateCreated` datetime NOT NULL,
  `dateUpdated` date NOT NULL,
  `deleted` enum('y','n') COLLATE utf8_unicode_ci NOT NULL DEFAULT 'n' COMMENT 'y=yes, n=no',
  PRIMARY KEY (`id`),
  KEY `orgID` (`orgID`)
) ENGINE=InnoDB AUTO_INCREMENT=8 DEFAULT CHARSET=utf8 COLLATE=utf8_unicode_ci;
/*!40101 SET character_set_client = @saved_cs_client */;

--
-- Dumping data for table `complex`
--

LOCK TABLES `complex` WRITE;
/*!40000 ALTER TABLE `complex` DISABLE KEYS */;
INSERT INTO `complex` VALUES (2,'Western Cape','Cape West',NULL,'30 1 bed \r\n50 2 bed\r\n12 3 bed','3 Hausing Ave','2020-04-07 00:00:00','2020-06-11','n'),(6,'Sandton','Kelvin Manor',NULL,'100 Unit Complex','1 Flame Close Vredenberg','2020-04-10 00:00:00','2020-06-23','n'),(7,'Sandton','Ray Crescent',NULL,'Duplex','Vanderbijlpark','2020-04-22 00:00:00','2020-06-12','n');
/*!40000 ALTER TABLE `complex` ENABLE KEYS */;
UNLOCK TABLES;

--
-- Table structure for table `fieldOptions`
--

DROP TABLE IF EXISTS `fieldOptions`;
/*!40101 SET @saved_cs_client     = @@character_set_client */;
/*!50503 SET character_set_client = utf8mb4 */;
CREATE TABLE `fieldOptions` (
  `id` int(11) NOT NULL AUTO_INCREMENT,
  `fieldID` int(11) NOT NULL,
  `title` varchar(45) NOT NULL,
  `value` varchar(45) NOT NULL,
  `dateCreated` datetime NOT NULL,
  PRIMARY KEY (`id`)
) ENGINE=InnoDB AUTO_INCREMENT=6 DEFAULT CHARSET=utf8;
/*!40101 SET character_set_client = @saved_cs_client */;

--
-- Dumping data for table `fieldOptions`
--

LOCK TABLES `fieldOptions` WRITE;
/*!40000 ALTER TABLE `fieldOptions` DISABLE KEYS */;
INSERT INTO `fieldOptions` VALUES (1,4,'Female','F','2020-04-09 06:23:48'),(2,4,'Male','M','2020-04-09 06:23:48'),(3,9,'1','1','2020-04-14 10:26:16'),(4,9,'2','2','2020-04-14 10:26:16'),(5,9,'3','3','2020-04-14 10:26:16');
/*!40000 ALTER TABLE `fieldOptions` ENABLE KEYS */;
UNLOCK TABLES;

--
-- Table structure for table `fields`
--

DROP TABLE IF EXISTS `fields`;
/*!40101 SET @saved_cs_client     = @@character_set_client */;
/*!50503 SET character_set_client = utf8mb4 */;
CREATE TABLE `fields` (
  `id` int(11) NOT NULL AUTO_INCREMENT,
  `formID` int(11) NOT NULL,
  `title` varchar(50) NOT NULL,
  `type` varchar(50) NOT NULL,
  `dateCreated` date NOT NULL,
  PRIMARY KEY (`id`)
) ENGINE=InnoDB AUTO_INCREMENT=18 DEFAULT CHARSET=utf8;
/*!40101 SET character_set_client = @saved_cs_client */;

--
-- Dumping data for table `fields`
--

LOCK TABLES `fields` WRITE;
/*!40000 ALTER TABLE `fields` DISABLE KEYS */;
INSERT INTO `fields` VALUES (1,1,'Name','text','2020-04-09'),(2,1,'Cell Number','number','2020-04-09'),(3,1,'ID Document','file','2020-04-09'),(4,1,'Gender','select','2020-04-09'),(5,1,'I agree to the T & Cs','checkbox','2020-04-09'),(8,3,'asdas','text','2020-04-10'),(9,3,'Test','select','2020-04-14'),(12,4,'Age','text','2020-04-22'),(13,4,'M','text','2020-04-22'),(14,4,'Number','number','2020-04-22'),(16,5,'Understand','checkbox','2020-06-12'),(17,5,'Understand','checkbox','2020-06-12');
/*!40000 ALTER TABLE `fields` ENABLE KEYS */;
UNLOCK TABLES;

--
-- Table structure for table `forms`
--

DROP TABLE IF EXISTS `forms`;
/*!40101 SET @saved_cs_client     = @@character_set_client */;
/*!50503 SET character_set_client = utf8mb4 */;
CREATE TABLE `forms` (
  `id` int(11) NOT NULL AUTO_INCREMENT,
  `title` varchar(50) NOT NULL,
  `description` varchar(100) NOT NULL,
  `state` int(11) NOT NULL,
  `dateCreated` date NOT NULL,
  PRIMARY KEY (`id`)
) ENGINE=InnoDB AUTO_INCREMENT=6 DEFAULT CHARSET=utf8;
/*!40101 SET character_set_client = @saved_cs_client */;

--
-- Dumping data for table `forms`
--

LOCK TABLES `forms` WRITE;
/*!40000 ALTER TABLE `forms` DISABLE KEYS */;
INSERT INTO `forms` VALUES (5,'Lease Training','',1,'2020-06-10');
/*!40000 ALTER TABLE `forms` ENABLE KEYS */;
UNLOCK TABLES;

--
-- Table structure for table `formsubmissions`
--

DROP TABLE IF EXISTS `formsubmissions`;
/*!40101 SET @saved_cs_client     = @@character_set_client */;
/*!50503 SET character_set_client = utf8mb4 */;
CREATE TABLE `formsubmissions` (
  `id` int(11) NOT NULL AUTO_INCREMENT,
  `formID` int(11) NOT NULL,
  `userID` int(11) NOT NULL,
  `dateCreated` datetime NOT NULL,
  PRIMARY KEY (`id`)
) ENGINE=InnoDB AUTO_INCREMENT=30 DEFAULT CHARSET=utf8;
/*!40101 SET character_set_client = @saved_cs_client */;

--
-- Dumping data for table `formsubmissions`
--

LOCK TABLES `formsubmissions` WRITE;
/*!40000 ALTER TABLE `formsubmissions` DISABLE KEYS */;
INSERT INTO `formsubmissions` VALUES (1,1,5,'2020-04-09 18:25:16'),(2,3,5,'2020-04-14 12:38:15'),(3,1,12,'2020-04-17 07:31:40'),(4,3,39,'2020-04-21 22:22:57'),(5,1,39,'2020-04-21 22:23:34'),(6,4,38,'2020-04-22 22:19:05'),(7,5,73,'2020-06-10 13:23:10'),(8,5,75,'2020-06-11 14:11:08'),(9,5,76,'2020-06-11 14:50:07'),(10,5,77,'2020-06-11 15:24:32'),(11,5,78,'2020-06-11 15:46:25'),(12,5,79,'2020-06-11 23:16:02'),(13,5,80,'2020-06-11 23:50:39'),(14,5,82,'2020-06-12 06:33:59'),(15,5,83,'2020-06-12 09:17:55'),(16,5,85,'2020-06-12 10:17:26'),(17,5,86,'2020-06-12 11:48:22'),(18,5,87,'2020-06-12 14:40:38'),(19,5,88,'2020-06-12 15:18:01'),(20,5,90,'2020-06-12 20:08:24'),(21,5,94,'2020-06-13 09:06:34'),(22,5,95,'2020-06-13 09:39:01'),(23,5,96,'2020-06-13 09:53:57'),(24,5,98,'2020-06-14 07:22:10'),(25,5,99,'2020-06-14 07:58:20'),(26,5,100,'2020-06-14 08:22:54'),(27,5,103,'2020-06-15 09:32:21'),(28,5,105,'2020-06-18 12:04:41'),(29,5,106,'2020-06-22 05:53:47');
/*!40000 ALTER TABLE `formsubmissions` ENABLE KEYS */;
UNLOCK TABLES;

--
-- Table structure for table `invoices`
--

DROP TABLE IF EXISTS `invoices`;
/*!40101 SET @saved_cs_client     = @@character_set_client */;
/*!50503 SET character_set_client = utf8mb4 */;
CREATE TABLE `invoices` (
  `id` int(11) NOT NULL AUTO_INCREMENT,
  `userID` int(11) DEFAULT NULL,
  `recipient` varchar(255) DEFAULT NULL,
  `description` varchar(255) DEFAULT NULL,
  `status` varchar(45) DEFAULT NULL,
  `invoiceTotal` float(10,2) DEFAULT NULL,
  `paid` float(10,2) DEFAULT NULL,
  `invoiceUrl` varchar(100) DEFAULT NULL,
  `invoiceType` enum('1','2') DEFAULT NULL,
  `dateCreated` datetime DEFAULT NULL,
  `isDeleted` enum('y','n') DEFAULT 'n',
  PRIMARY KEY (`id`)
) ENGINE=InnoDB AUTO_INCREMENT=7 DEFAULT CHARSET=utf8;
/*!40101 SET character_set_client = @saved_cs_client */;

--
-- Dumping data for table `invoices`
--

LOCK TABLES `invoices` WRITE;
/*!40000 ALTER TABLE `invoices` DISABLE KEYS */;
INSERT INTO `invoices` VALUES (1,98,'Western Cape Cape West','Deposit & Lease Invoice','paid',12550.00,12550.00,NULL,'1','2020-06-14 07:22:31','n'),(2,99,' Western Cape Cape West','Deposit & Lease Invoice','paid',6032.00,6032.00,NULL,'1','2020-06-14 07:59:28','n'),(3,100,'Western Cape Cape West','Deposit & Lease Invoice','paid',9800.00,9800.00,NULL,'1','2020-06-14 08:23:09','n'),(4,103,'Western Cape Cape West','Deposit & Lease Invoice','paid',12300.00,12300.00,NULL,'1','2020-06-15 09:33:04','n'),(5,106,'Western Cape Cape West','Deposit & Lease Invoice','paid',4640.00,4640.00,NULL,'1','2020-06-22 05:55:56','n'),(6,105,'Western Cape Cape West','Deposit & Lease Invoice','paid',8800.00,8800.00,NULL,'1','2020-06-23 13:35:00','n');
/*!40000 ALTER TABLE `invoices` ENABLE KEYS */;
UNLOCK TABLES;

--
-- Table structure for table `metaData`
--

DROP TABLE IF EXISTS `metaData`;
/*!40101 SET @saved_cs_client     = @@character_set_client */;
/*!50503 SET character_set_client = utf8mb4 */;
CREATE TABLE `metaData` (
  `id` int(11) NOT NULL AUTO_INCREMENT,
  `mainID` int(11) NOT NULL,
  `dataType` varchar(50) NOT NULL,
  `dataLabel` varchar(50) NOT NULL,
  `data` varchar(100) NOT NULL,
  `dateCreated` date NOT NULL,
  `dateUpdated` date NOT NULL,
  `isDeleted` enum('y','n') NOT NULL DEFAULT 'n',
  PRIMARY KEY (`id`)
) ENGINE=InnoDB AUTO_INCREMENT=10 DEFAULT CHARSET=utf8;
/*!40101 SET character_set_client = @saved_cs_client */;

--
-- Dumping data for table `metaData`
--

LOCK TABLES `metaData` WRITE;
/*!40000 ALTER TABLE `metaData` DISABLE KEYS */;
INSERT INTO `metaData` VALUES (2,2,'document','welcomeLetter','uploads/complex_2/welcomeLetter.doc','2020-05-19','2020-05-20','n'),(3,2,'document','keyslip','uploads/complex_2/keyslip.xlsx','2020-05-19','2020-05-20','n'),(4,2,'document','approvalLetter','uploads/complex_2/approvalLetter.docx','2020-05-19','2020-05-20','n'),(5,2,'document','leaseAgreement','uploads/complex_2/leaseAgreement.doc','2020-05-19','2020-05-20','n'),(6,6,'document','welcomeLetter','uploads/complex_6/welcomeLetter.doc','2020-05-19','2020-05-20','n'),(7,6,'document','keyslip','uploads/complex_6/keyslip.xlsx','2020-05-19','2020-05-20','n'),(8,6,'document','approvalLetter','uploads/complex_6/approvalLetter.docx','2020-05-19','2020-05-20','n'),(9,6,'document','leaseAgreement','uploads/complex_6/leaseAgreement.doc','2020-05-19','2020-05-20','n');
/*!40000 ALTER TABLE `metaData` ENABLE KEYS */;
UNLOCK TABLES;

--
-- Table structure for table `organisation`
--

DROP TABLE IF EXISTS `organisation`;
/*!40101 SET @saved_cs_client     = @@character_set_client */;
/*!50503 SET character_set_client = utf8mb4 */;
CREATE TABLE `organisation` (
  `id` int(11) NOT NULL AUTO_INCREMENT,
  `name` varchar(250) COLLATE utf8_unicode_ci NOT NULL,
  `logo` varchar(250) COLLATE utf8_unicode_ci NOT NULL,
  `dateCreated` datetime NOT NULL,
  PRIMARY KEY (`id`)
) ENGINE=InnoDB DEFAULT CHARSET=utf8 COLLATE=utf8_unicode_ci;
/*!40101 SET character_set_client = @saved_cs_client */;

--
-- Dumping data for table `organisation`
--

LOCK TABLES `organisation` WRITE;
/*!40000 ALTER TABLE `organisation` DISABLE KEYS */;
/*!40000 ALTER TABLE `organisation` ENABLE KEYS */;
UNLOCK TABLES;

--
-- Table structure for table `rentTrench`
--

DROP TABLE IF EXISTS `rentTrench`;
/*!40101 SET @saved_cs_client     = @@character_set_client */;
/*!50503 SET character_set_client = utf8mb4 */;
CREATE TABLE `rentTrench` (
  `id` int(11) NOT NULL AUTO_INCREMENT,
  `title` varchar(50) NOT NULL,
  `minIncome` float NOT NULL,
  `maxIncome` float NOT NULL,
  `avgRent` float NOT NULL,
  `incomePercentage` float NOT NULL,
  `dateCreated` date NOT NULL,
  `dateUpdated` date NOT NULL,
  `deleted` enum('y','n') NOT NULL DEFAULT 'n',
  PRIMARY KEY (`id`)
) ENGINE=InnoDB AUTO_INCREMENT=7 DEFAULT CHARSET=utf8;
/*!40101 SET character_set_client = @saved_cs_client */;

--
-- Dumping data for table `rentTrench`
--

LOCK TABLES `rentTrench` WRITE;
/*!40000 ALTER TABLE `rentTrench` DISABLE KEYS */;
INSERT INTO `rentTrench` VALUES (1,'Trench 1',1500,3500,625,0.25,'0000-00-00','0000-00-00','n'),(2,'Trench 2',3501,5500,1215,0.27,'2020-04-07','2020-04-07','n'),(3,'Trench 3',5501,7700,2112,0.32,'2020-04-07','2020-04-07','n'),(4,'Trench 4',7701,11300,3325,0.35,'2020-04-07','2020-04-07','n'),(5,'Trench 5',11301,15000,4866,0.37,'2020-04-07','2020-04-07','n'),(6,'asdasd',12312,123123,123123,12312300,'2020-04-10','2020-04-13','y');
/*!40000 ALTER TABLE `rentTrench` ENABLE KEYS */;
UNLOCK TABLES;

--
-- Table structure for table `units`
--

DROP TABLE IF EXISTS `units`;
/*!40101 SET @saved_cs_client     = @@character_set_client */;
/*!50503 SET character_set_client = utf8mb4 */;
CREATE TABLE `units` (
  `id` int(11) NOT NULL AUTO_INCREMENT,
  `unitName` varchar(100) COLLATE utf8_unicode_ci DEFAULT NULL,
  `complexID` int(11) DEFAULT NULL,
  `trenchID` int(11) NOT NULL,
  `description` longtext COLLATE utf8_unicode_ci,
  `size` decimal(10,0) DEFAULT NULL,
  `rental` float DEFAULT NULL,
  `deposit` float NOT NULL,
  `occupied` enum('y','n','h') COLLATE utf8_unicode_ci NOT NULL DEFAULT 'n' COMMENT 'y=yes, n=no, h=hold',
  `applicantID` int(11) DEFAULT NULL,
  `dateCreated` datetime DEFAULT NULL,
  `dateUpdated` datetime DEFAULT NULL,
  `deleted` enum('y','n') COLLATE utf8_unicode_ci NOT NULL DEFAULT 'n' COMMENT 'y=yes, n=no',
  PRIMARY KEY (`id`),
  KEY `applicantID` (`applicantID`),
  KEY `complexID_2` (`complexID`)
) ENGINE=InnoDB AUTO_INCREMENT=48 DEFAULT CHARSET=utf8 COLLATE=utf8_unicode_ci;
/*!40101 SET character_set_client = @saved_cs_client */;

--
-- Dumping data for table `units`
--

LOCK TABLES `units` WRITE;
/*!40000 ALTER TABLE `units` DISABLE KEYS */;
INSERT INTO `units` VALUES (1,'Unit 1',2,2,'value=\"value=\"2 bed \r\n1 bath \r\nlonge and kithen\"\"',400,3000,0,'y',51,'2020-04-07 00:00:00','2020-04-22 00:00:00','n'),(2,'Unit 2',2,1,'value=\"1 bed \r\n1 bath\r\nkitchen\"',300,2500,0,'y',16,'2020-04-07 00:00:00','2020-04-07 00:00:00','n'),(3,'Unit 1',6,2,'value=\"22\"',121,3000,0,'',NULL,'2020-04-10 00:00:00','2020-05-20 00:00:00','y'),(8,'Unit 23',1,1,'1 bedroom, bath and kithen',400,3000,0,'y',48,'2020-04-13 16:50:39','2020-04-13 00:00:00','y'),(9,'Unit 23',1,1,'1 bedroom, bath and kithen',400,3000,0,'n',NULL,'2020-04-13 17:02:29','2020-04-13 00:00:00','y'),(10,'Unit 23',1,1,'1 bedroom, bath and kithen',400,3000,0,'y',47,'2020-04-13 17:04:26','2020-04-13 00:00:00','y'),(11,'Unit 23',1,1,'1 bedroom, bath and kithen',400,3000,0,'n',NULL,'2020-04-13 17:08:17','2020-04-13 00:00:00','y'),(12,'Unit 23',2,1,'1 bedroom, bath and kithen',400,3000,0,'n',NULL,'2020-04-13 17:17:18','2020-04-22 00:00:00','y'),(13,'Unit 9',2,4,'Small Unit',12,2000,1000,'y',50,'2020-05-19 00:00:00','2020-05-19 00:00:00','n'),(14,'Unit 12',2,4,'Small Unit',300,3000,2000,'y',64,'2020-05-19 00:00:00','2020-05-20 00:00:00','y'),(15,'Unit 11',2,4,'medium size',400,3000,3000,'y',61,'2020-05-19 00:00:00','2020-05-20 00:00:00','y'),(16,'Unit 1B',6,5,'Leka oNe',2,1100,1500,'y',57,'2020-05-19 00:00:00','2020-05-19 00:00:00','n'),(17,'Unit 1A',2,5,'1 bedroom, bath and kithen',400,3000,0,'y',48,'2020-04-13 17:17:18','2020-04-22 00:00:00','y'),(18,'Unit 1B',2,5,'Small Unit',300,3000,2000,'y',63,'2020-05-19 00:00:00','2020-05-19 00:00:00','n'),(19,'Unit 1C',2,5,'medium size',400,3000,3000,'y',NULL,'2020-05-19 00:00:00','2020-06-12 09:17:40','n'),(20,'Unit 1A',6,2,'Update all',11,5600,3550,'y',60,'2020-05-20 00:00:00','2020-05-20 00:00:00','n'),(21,'ghk',6,3,'ghjgghk',123,1240,3500,'y',68,'2020-05-20 00:00:00','2020-05-20 00:00:00','n'),(22,'Test',2,2,'Nice woonstel',123,2000,1300,'y',62,'2020-05-21 00:00:00','2020-05-21 00:00:00','y'),(23,'UNit 10',2,4,'2 bed small kitchen',50,3500,3500,'y',65,'2020-05-26 00:00:00','2020-05-26 00:00:00','n'),(24,'Test Unit 2',6,4,'1 Bedroom, 1 Bathroom Garage',125,5620,515,'y',72,'2020-06-10 00:00:00','2020-06-10 00:00:00','n'),(25,'Test Unit 1',2,4,'1 bedroom',125,5000,5000,'y',73,'2020-06-10 00:00:00','2020-06-10 00:00:00','n'),(26,'UNIT 2A',6,4,'1bed,1bath',200,5000,5500,'y',NULL,'2020-06-11 00:00:00','2020-06-11 14:10:56','n'),(27,'Demo Unit',2,4,'1 brd, 1 bath',200,5000,5000,'y',NULL,'2020-06-11 00:00:00','2020-06-11 14:49:04','n'),(28,'Unit M4',2,4,'1 Bed, 1 Bath',121,1000,5000,'y',NULL,'2020-06-11 00:00:00','2020-06-11 15:24:17','n'),(29,'Unit Test',2,4,'1 room',500,5000,5000,'y',NULL,'2020-06-11 00:00:00','2020-06-11 15:46:11','n'),(30,'Test Unit AB1',2,4,'1 bed, 1bath',500,3500,2500,'y',NULL,'2020-06-11 00:00:00','2020-06-11 23:15:49','n'),(31,'Cape Unit B5',2,4,'1bed,1bath',152,2500,4500,'y',NULL,'2020-06-11 00:00:00','2020-06-11 23:50:24','n'),(32,'Unit 1a',2,1,'Unit',50,1000,2000,'n',NULL,'2020-06-12 00:00:00','2020-06-12 00:00:00','n'),(33,'Unit 1B',2,2,'1',1356,1000,5000,'y',NULL,'2020-06-12 00:00:00','2020-06-12 06:14:42','n'),(34,'UNIT West A45',2,5,'1bed,1bath',100,5000,6000,'y',NULL,'2020-06-12 00:00:00','2020-06-12 10:17:13','n'),(35,'JK Test ',2,3,'This is a test unit for the system',87,4500,4500,'y',NULL,'2020-06-12 00:00:00','2020-06-12 11:48:03','n'),(36,'Unit 124544',2,4,'1bed,1bath,pool,garage',200,5000,6200,'y',NULL,'2020-06-12 00:00:00','2020-06-12 14:40:26','n'),(37,'Unit 9',2,4,'12',121,12,12,'y',NULL,'2020-06-12 00:00:00','2020-06-12 15:17:49','n'),(38,'West Unit A5',2,4,'a',125,1200,3000,'y',NULL,'2020-06-12 00:00:00','2020-06-13 09:06:19','n'),(39,'UNIT 10',2,5,'2bed,1bath,garage',250,5000,6500,'y',NULL,'2020-06-12 00:00:00','2020-06-12 20:08:10','n'),(40,'UNIT ABC',7,4,'1',121,5000,5000,'y',NULL,'2020-06-13 00:00:00','2020-06-13 09:38:49','n'),(41,'UNIT 45 ABC',2,5,'1',145,1250,6500,'y',NULL,'2020-06-13 00:00:00','2020-06-13 09:53:45','n'),(42,'Test ABC',2,4,'1',234,4567,3232,'y',NULL,'2020-06-14 00:00:00','2020-06-14 07:58:06','n'),(43,'AW UNNIT',2,4,'12',234,5000,7000,'y',NULL,'2020-06-14 00:00:00','2020-06-14 08:22:30','n'),(44,'12 UNT',2,5,'1',343,5667,7000,'y',NULL,'2020-06-14 00:00:00','2020-06-14 07:21:54','n'),(45,'Benguela Unit B2',2,5,'1bed, 1bath',260,200,6750,'y',NULL,'2020-06-15 00:00:00','2020-06-15 09:32:09','n'),(46,'Test Unit U6',2,4,'1',200,2000,6000,'y',NULL,'2020-06-18 00:00:00','2020-06-18 12:04:29','n'),(47,'Kerryn\'s Home Test',2,3,'Proud owner of trench 3',1250,1200,2400,'y',NULL,'2020-06-22 00:00:00','2020-06-22 05:53:05','y');
/*!40000 ALTER TABLE `units` ENABLE KEYS */;
UNLOCK TABLES;

--
-- Table structure for table `userChecklist`
--

DROP TABLE IF EXISTS `userChecklist`;
/*!40101 SET @saved_cs_client     = @@character_set_client */;
/*!50503 SET character_set_client = utf8mb4 */;
CREATE TABLE `userChecklist` (
  `id` int(11) NOT NULL AUTO_INCREMENT,
  `userID` int(11) NOT NULL,
  `title` varchar(50) NOT NULL,
  `approvedBy` varchar(50) NOT NULL,
  `isVerified` enum('y','n') NOT NULL DEFAULT 'n',
  `dateCreated` date NOT NULL,
  `dateUpdated` date NOT NULL,
  PRIMARY KEY (`id`)
) ENGINE=InnoDB AUTO_INCREMENT=962 DEFAULT CHARSET=utf8;
/*!40101 SET character_set_client = @saved_cs_client */;

--
-- Dumping data for table `userChecklist`
--

LOCK TABLES `userChecklist` WRITE;
/*!40000 ALTER TABLE `userChecklist` DISABLE KEYS */;
INSERT INTO `userChecklist` VALUES (1,53,'proofOfPayment','4','y','2020-05-20','2020-05-21'),(2,53,'email','4','y','2020-05-20','2020-05-21'),(3,53,'idPassportNo','4','y','2020-05-20','2020-05-21'),(4,53,'dob','4','y','2020-05-20','2020-05-21'),(5,53,'lastName','4','y','2020-05-20','2020-05-21'),(6,63,'proofOfPayment','4','y','2020-05-21','2020-05-21'),(7,63,'email','4','y','2020-05-21','2020-05-21'),(8,63,'idPassportNo','4','y','2020-05-21','2020-05-21'),(9,63,'dob','4','y','2020-05-21','2020-05-21'),(10,63,'firstName','4','y','2020-05-21','2020-05-21'),(11,63,'lastName','4','y','2020-05-21','2020-05-21'),(12,63,'maritalStatus','4','y','2020-05-21','2020-05-21'),(13,63,'address','4','y','2020-05-21','2020-05-21'),(14,63,'bankName','4','y','2020-05-21','2020-05-21'),(15,63,'branchCode','4','y','2020-05-21','2020-05-21'),(16,63,'accountNumber','4','y','2020-05-21','2020-05-21'),(17,63,'accountType','4','y','2020-05-21','2020-05-21'),(18,63,'phone','4','y','2020-05-21','2020-05-21'),(19,63,'altPhone','4','y','2020-05-21','2020-05-21'),(20,63,'occupation','4','y','2020-05-21','2020-05-21'),(21,63,'employer','4','y','2020-05-21','2020-05-21'),(22,63,'employerContact','4','y','2020-05-21','2020-05-21'),(23,63,'totalIncome','4','y','2020-05-21','2020-05-21'),(24,63,'totalExpenses','4','y','2020-05-21','2020-05-21'),(25,63,'idDocument','4','y','2020-05-21','2020-05-21'),(26,63,'payslip','4','y','2020-05-21','2020-05-21'),(27,63,'bankStatement','4','y','2020-05-21','2020-05-21'),(28,63,'creditReport','4','y','2020-05-21','2020-05-21'),(29,63,'nextOfKin','4','y','2020-05-21','2020-05-21'),(30,63,'nextOfKinContact','4','y','2020-05-21','2020-05-21'),(31,53,'occupation','4','y','2020-05-21','2020-05-21'),(32,53,'employer','4','y','2020-05-21','2020-05-21'),(33,53,'employerContact','4','y','2020-05-21','2020-05-21'),(34,53,'totalIncome','4','y','2020-05-21','2020-05-21'),(35,53,'totalExpenses','4','y','2020-05-21','2020-05-21'),(36,53,'firstName','4','y','2020-05-21','2020-05-21'),(37,53,'address','4','y','2020-05-21','2020-05-21'),(38,53,'maritalStatus','4','y','2020-05-21','2020-05-21'),(39,53,'bankName','4','y','2020-05-21','2020-05-21'),(40,53,'branchCode','4','y','2020-05-21','2020-05-21'),(41,53,'accountNumber','4','y','2020-05-21','2020-05-21'),(42,53,'accountType','4','y','2020-05-21','2020-05-21'),(43,53,'phone','4','y','2020-05-21','2020-05-21'),(44,53,'altPhone','4','y','2020-05-21','2020-05-21'),(45,53,'nextOfKin','4','y','2020-05-21','2020-05-21'),(46,53,'nextOfKinContact','4','y','2020-05-21','2020-05-21'),(47,53,'idDocument','4','y','2020-05-21','2020-05-21'),(48,53,'payslip','4','y','2020-05-21','2020-05-21'),(49,53,'bankStatement','4','y','2020-05-21','2020-05-21'),(50,53,'creditReport','4','y','2020-05-21','2020-05-21'),(51,62,'proofOfPayment','4','y','2020-05-21','2020-05-21'),(52,62,'email','4','y','2020-05-21','2020-05-21'),(53,62,'idPassportNo','4','y','2020-05-21','2020-05-21'),(54,62,'dob','4','y','2020-05-21','2020-05-21'),(55,62,'firstName','4','y','2020-05-21','2020-05-21'),(56,62,'lastName','4','y','2020-05-21','2020-05-21'),(57,62,'maritalStatus','4','y','2020-05-21','2020-05-21'),(58,62,'occupation','4','y','2020-05-21','2020-05-21'),(59,62,'employer','4','y','2020-05-21','2020-05-21'),(60,62,'employerContact','4','y','2020-05-21','2020-05-21'),(61,62,'totalIncome','4','y','2020-05-21','2020-05-21'),(62,62,'totalExpenses','4','y','2020-05-21','2020-05-21'),(63,62,'address','4','y','2020-05-21','2020-05-21'),(64,62,'bankName','4','y','2020-05-21','2020-05-21'),(65,62,'branchCode','4','y','2020-05-21','2020-05-21'),(66,62,'accountNumber','4','y','2020-05-21','2020-05-21'),(67,62,'accountType','4','y','2020-05-21','2020-05-21'),(68,62,'phone','4','y','2020-05-21','2020-05-21'),(69,62,'altPhone','4','y','2020-05-21','2020-05-21'),(70,62,'idDocument','4','y','2020-05-21','2020-05-21'),(71,62,'payslip','4','y','2020-05-21','2020-05-21'),(72,62,'bankStatement','4','y','2020-05-21','2020-05-21'),(73,62,'creditReport','4','y','2020-05-21','2020-05-21'),(74,62,'nextOfKin','4','y','2020-05-21','2020-05-21'),(75,62,'nextOfKinContact','4','y','2020-05-21','2020-05-21'),(76,64,'proofOfPayment','4','y','2020-05-22','2020-05-22'),(77,64,'email','4','y','2020-05-22','2020-05-22'),(78,64,'idPassportNo','4','y','2020-05-22','2020-05-22'),(79,64,'dob','4','y','2020-05-22','2020-05-22'),(80,64,'firstName','4','y','2020-05-22','2020-05-22'),(81,64,'lastName','4','y','2020-05-22','2020-05-22'),(82,64,'maritalStatus','4','y','2020-05-22','2020-05-22'),(83,64,'address','4','y','2020-05-22','2020-05-22'),(84,64,'bankName','4','y','2020-05-22','2020-05-22'),(85,64,'branchCode','4','y','2020-05-22','2020-05-22'),(86,64,'accountNumber','4','y','2020-05-22','2020-05-22'),(87,64,'accountType','4','y','2020-05-22','2020-05-22'),(88,64,'phone','4','y','2020-05-22','2020-05-22'),(89,64,'altPhone','4','y','2020-05-22','2020-05-22'),(90,64,'occupation','4','y','2020-05-22','2020-05-22'),(91,64,'employer','4','y','2020-05-22','2020-05-22'),(92,64,'employerContact','4','y','2020-05-22','2020-05-22'),(93,64,'totalIncome','4','y','2020-05-22','2020-05-22'),(94,64,'totalExpenses','4','y','2020-05-22','2020-05-22'),(95,64,'nextOfKin','4','y','2020-05-22','2020-05-22'),(96,64,'nextOfKinContact','4','y','2020-05-22','2020-05-22'),(97,64,'idDocument','4','y','2020-05-22','2020-05-22'),(98,64,'payslip','4','y','2020-05-22','2020-05-22'),(99,64,'bankStatement','4','y','2020-05-22','2020-05-22'),(100,64,'creditReport','4','y','2020-05-22','2020-05-22'),(101,64,'rentDeposit','onlinePayment','y','2020-05-22','2020-05-22'),(102,49,'proofOfPayment','onlinePayment','y','2020-05-22','2020-05-22'),(103,49,'email','onlinePortal','y','2020-05-22','2020-05-22'),(104,65,'email','4','y','2020-05-26','2020-05-26'),(105,65,'proofOfPayment','4','y','2020-05-26','2020-05-26'),(106,65,'idPassportNo','4','y','2020-05-26','2020-05-26'),(107,65,'dob','4','y','2020-05-26','2020-05-26'),(108,65,'firstName','4','y','2020-05-26','2020-05-26'),(109,65,'lastName','4','y','2020-05-26','2020-05-26'),(110,65,'maritalStatus','4','y','2020-05-26','2020-05-26'),(111,65,'proofOfPayment','4','y','2020-05-26','2020-05-26'),(112,65,'address','4','y','2020-05-26','2020-05-26'),(113,65,'bankName','4','y','2020-05-26','2020-05-26'),(114,65,'branchCode','4','y','2020-05-26','2020-05-26'),(115,65,'accountNumber','4','y','2020-05-26','2020-05-26'),(116,65,'accountType','4','y','2020-05-26','2020-05-26'),(117,65,'phone','4','y','2020-05-26','2020-05-26'),(118,65,'altPhone','4','y','2020-05-26','2020-05-26'),(119,65,'occupation','4','y','2020-05-26','2020-05-26'),(120,65,'employer','4','y','2020-05-26','2020-05-26'),(121,65,'employerContact','4','y','2020-05-26','2020-05-26'),(122,65,'totalIncome','4','y','2020-05-26','2020-05-26'),(123,65,'totalExpenses','4','y','2020-05-26','2020-05-26'),(124,65,'idDocument','4','y','2020-05-26','2020-05-26'),(125,65,'payslip','4','y','2020-05-26','2020-05-26'),(126,65,'bankStatement','4','y','2020-05-26','2020-05-26'),(127,65,'creditReport','4','y','2020-05-26','2020-05-26'),(128,65,'nextOfKin','4','y','2020-05-26','2020-05-26'),(129,65,'nextOfKinContact','4','y','2020-05-26','2020-05-26'),(130,68,'proofOfPayment','4','y','2020-06-01','2020-06-01'),(131,68,'email','4','y','2020-06-01','2020-06-01'),(132,68,'idPassportNo','4','y','2020-06-01','2020-06-01'),(133,68,'dob','4','y','2020-06-01','2020-06-01'),(134,68,'firstName','4','y','2020-06-01','2020-06-01'),(135,68,'lastName','4','y','2020-06-01','2020-06-01'),(136,68,'address','4','y','2020-06-01','2020-06-01'),(137,68,'maritalStatus','4','y','2020-06-01','2020-06-01'),(138,68,'bankName','4','y','2020-06-01','2020-06-01'),(139,68,'branchCode','4','y','2020-06-01','2020-06-01'),(140,68,'accountNumber','4','y','2020-06-01','2020-06-01'),(141,68,'accountType','4','y','2020-06-01','2020-06-01'),(142,68,'phone','4','y','2020-06-01','2020-06-01'),(143,68,'altPhone','4','y','2020-06-01','2020-06-01'),(144,68,'occupation','4','y','2020-06-01','2020-06-01'),(145,68,'employer','4','y','2020-06-01','2020-06-01'),(146,68,'employerContact','4','y','2020-06-01','2020-06-01'),(147,68,'totalIncome','4','y','2020-06-01','2020-06-01'),(148,68,'totalExpenses','4','y','2020-06-01','2020-06-01'),(149,68,'nextOfKin','4','y','2020-06-01','2020-06-01'),(150,68,'nextOfKinContact','4','y','2020-06-01','2020-06-01'),(151,68,'idDocument','4','y','2020-06-01','2020-06-01'),(152,68,'payslip','4','y','2020-06-01','2020-06-01'),(153,68,'bankStatement','4','y','2020-06-01','2020-06-01'),(154,68,'creditReport','4','y','2020-06-01','2020-06-01'),(155,70,'proofOfPayment','4','y','2020-06-09','2020-06-09'),(156,70,'email','4','y','2020-06-09','2020-06-09'),(157,70,'firstName','4','y','2020-06-09','2020-06-09'),(158,70,'lastName','4','y','2020-06-09','2020-06-09'),(159,70,'idPassportNo','4','y','2020-06-09','2020-06-09'),(160,70,'dob','4','y','2020-06-09','2020-06-09'),(161,70,'address','4','y','2020-06-09','2020-06-09'),(162,70,'maritalStatus','4','y','2020-06-09','2020-06-09'),(163,70,'bankName','4','y','2020-06-09','2020-06-09'),(164,70,'branchCode','4','y','2020-06-09','2020-06-09'),(165,70,'accountNumber','4','y','2020-06-09','2020-06-09'),(166,70,'accountType','4','y','2020-06-09','2020-06-09'),(167,70,'phone','4','y','2020-06-09','2020-06-09'),(168,70,'altPhone','4','y','2020-06-09','2020-06-09'),(169,70,'occupation','4','y','2020-06-09','2020-06-09'),(170,70,'employer','4','y','2020-06-09','2020-06-09'),(171,70,'employerContact','4','y','2020-06-09','2020-06-09'),(172,70,'totalIncome','4','y','2020-06-09','2020-06-09'),(173,70,'totalExpenses','4','y','2020-06-09','2020-06-09'),(174,70,'nextOfKin','4','y','2020-06-09','2020-06-09'),(175,70,'nextOfKinContact','4','y','2020-06-09','2020-06-09'),(176,70,'idDocument','4','y','2020-06-09','2020-06-09'),(177,70,'payslip','4','y','2020-06-09','2020-06-09'),(178,70,'bankStatement','4','y','2020-06-09','2020-06-09'),(179,70,'creditReport','4','n','2020-06-09','2020-06-09'),(180,72,'email','4','y','2020-06-10','2020-06-10'),(181,72,'proofOfPayment','4','y','2020-06-10','2020-06-10'),(182,72,'proofOfPayment','4','y','2020-06-10','2020-06-10'),(183,72,'idDocument','4','y','2020-06-10','2020-06-10'),(184,72,'payslip','4','y','2020-06-10','2020-06-10'),(185,72,'bankStatement','4','y','2020-06-10','2020-06-10'),(187,72,'creditReport','4','n','2020-06-10','2020-06-10'),(188,72,'nextOfKin','4','y','2020-06-10','2020-06-10'),(189,72,'nextOfKinContact','4','y','2020-06-10','2020-06-10'),(190,72,'phone','4','y','2020-06-10','2020-06-10'),(191,72,'altPhone','4','y','2020-06-10','2020-06-10'),(192,72,'occupation','4','y','2020-06-10','2020-06-10'),(193,72,'employer','4','y','2020-06-10','2020-06-10'),(194,72,'employerContact','4','y','2020-06-10','2020-06-10'),(195,72,'totalIncome','4','y','2020-06-10','2020-06-10'),(196,72,'totalExpenses','4','y','2020-06-10','2020-06-10'),(197,72,'firstName','4','y','2020-06-10','2020-06-10'),(198,72,'lastName','4','y','2020-06-10','2020-06-10'),(199,72,'idPassportNo','4','y','2020-06-10','2020-06-10'),(200,72,'dob','4','y','2020-06-10','2020-06-10'),(201,72,'address','4','y','2020-06-10','2020-06-10'),(202,72,'maritalStatus','4','y','2020-06-10','2020-06-10'),(203,72,'bankName','4','y','2020-06-10','2020-06-10'),(204,72,'branchCode','4','y','2020-06-10','2020-06-10'),(205,72,'accountNumber','4','y','2020-06-10','2020-06-10'),(206,72,'accountType','4','y','2020-06-10','2020-06-10'),(207,72,'rentDeposit','4','y','2020-06-10','2020-06-10'),(208,73,'email','4','y','2020-06-10','2020-06-10'),(209,73,'proofOfPayment','4','y','2020-06-10','2020-06-10'),(210,73,'firstName','4','y','2020-06-10','2020-06-10'),(211,73,'lastName','4','y','2020-06-10','2020-06-10'),(212,73,'idPassportNo','4','y','2020-06-10','2020-06-10'),(213,73,'dob','4','y','2020-06-10','2020-06-10'),(214,73,'address','4','y','2020-06-10','2020-06-10'),(215,73,'maritalStatus','4','y','2020-06-10','2020-06-10'),(216,73,'bankName','4','y','2020-06-10','2020-06-10'),(217,73,'branchCode','4','y','2020-06-10','2020-06-10'),(218,73,'accountNumber','4','y','2020-06-10','2020-06-10'),(219,73,'accountType','4','y','2020-06-10','2020-06-10'),(220,73,'phone','4','y','2020-06-10','2020-06-10'),(221,73,'altPhone','4','y','2020-06-10','2020-06-10'),(222,73,'occupation','4','y','2020-06-10','2020-06-10'),(223,73,'employer','4','y','2020-06-10','2020-06-10'),(224,73,'employerContact','4','y','2020-06-10','2020-06-10'),(225,73,'totalIncome','4','y','2020-06-10','2020-06-10'),(226,73,'totalExpenses','4','y','2020-06-10','2020-06-10'),(227,73,'nextOfKin','4','y','2020-06-10','2020-06-10'),(228,73,'nextOfKinContact','4','y','2020-06-10','2020-06-10'),(229,73,'idDocument','4','y','2020-06-10','2020-06-10'),(230,73,'payslip','4','y','2020-06-10','2020-06-10'),(231,73,'bankStatement','4','y','2020-06-10','2020-06-10'),(232,73,'rentDeposit','4','y','2020-06-10','2020-06-10'),(233,73,'creditReport','4','n','2020-06-10','2020-06-10'),(234,73,'rentDeposit','onlinePortal','y','2020-06-10','2020-06-10'),(235,75,'email','4','y','2020-06-11','2020-06-11'),(236,75,'proofOfPayment','4','y','2020-06-11','2020-06-11'),(237,75,'firstName','4','y','2020-06-11','2020-06-11'),(238,75,'lastName','4','y','2020-06-11','2020-06-11'),(239,75,'idPassportNo','4','y','2020-06-11','2020-06-11'),(240,75,'dob','4','y','2020-06-11','2020-06-11'),(241,75,'address','4','y','2020-06-11','2020-06-11'),(242,75,'maritalStatus','4','y','2020-06-11','2020-06-11'),(243,75,'bankName','4','y','2020-06-11','2020-06-11'),(244,75,'branchCode','4','y','2020-06-11','2020-06-11'),(245,75,'accountNumber','4','y','2020-06-11','2020-06-11'),(246,75,'accountType','4','y','2020-06-11','2020-06-11'),(247,75,'phone','4','y','2020-06-11','2020-06-11'),(248,75,'altPhone','4','y','2020-06-11','2020-06-11'),(249,75,'idDocument','4','y','2020-06-11','2020-06-11'),(250,75,'payslip','4','y','2020-06-11','2020-06-11'),(251,75,'bankStatement','4','y','2020-06-11','2020-06-11'),(252,75,'rentDeposit','4','y','2020-06-11','2020-06-11'),(253,75,'creditReport','4','n','2020-06-11','2020-06-11'),(254,75,'nextOfKin','4','y','2020-06-11','2020-06-11'),(255,75,'nextOfKinContact','4','y','2020-06-11','2020-06-11'),(256,75,'occupation','4','y','2020-06-11','2020-06-11'),(257,75,'employer','4','y','2020-06-11','2020-06-11'),(258,75,'employerContact','4','y','2020-06-11','2020-06-11'),(259,75,'totalIncome','4','y','2020-06-11','2020-06-11'),(260,75,'totalExpenses','4','y','2020-06-11','2020-06-11'),(261,76,'email','4','y','2020-06-11','2020-06-11'),(262,76,'proofOfPayment','4','y','2020-06-11','2020-06-11'),(263,76,'firstName','4','y','2020-06-11','2020-06-11'),(264,76,'lastName','4','y','2020-06-11','2020-06-11'),(265,76,'idPassportNo','4','y','2020-06-11','2020-06-11'),(266,76,'dob','4','y','2020-06-11','2020-06-11'),(267,76,'address','4','y','2020-06-11','2020-06-11'),(268,76,'maritalStatus','4','y','2020-06-11','2020-06-11'),(269,76,'bankName','4','y','2020-06-11','2020-06-11'),(270,76,'branchCode','4','y','2020-06-11','2020-06-11'),(271,76,'accountNumber','4','y','2020-06-11','2020-06-11'),(272,76,'accountType','4','y','2020-06-11','2020-06-11'),(273,76,'phone','4','y','2020-06-11','2020-06-11'),(274,76,'altPhone','4','y','2020-06-11','2020-06-11'),(275,76,'occupation','4','y','2020-06-11','2020-06-11'),(276,76,'employer','4','y','2020-06-11','2020-06-11'),(277,76,'employerContact','4','y','2020-06-11','2020-06-11'),(278,76,'totalIncome','4','y','2020-06-11','2020-06-11'),(279,76,'totalExpenses','4','y','2020-06-11','2020-06-11'),(280,76,'nextOfKin','4','y','2020-06-11','2020-06-11'),(281,76,'nextOfKinContact','4','y','2020-06-11','2020-06-11'),(282,76,'idDocument','4','y','2020-06-11','2020-06-11'),(283,76,'payslip','4','y','2020-06-11','2020-06-11'),(284,76,'bankStatement','4','y','2020-06-11','2020-06-11'),(285,76,'rentDeposit','4','y','2020-06-11','2020-06-11'),(286,76,'creditReport','4','n','2020-06-11','2020-06-11'),(287,77,'proofOfPayment','4','y','2020-06-11','2020-06-11'),(288,77,'email','4','y','2020-06-11','2020-06-11'),(289,77,'firstName','4','y','2020-06-11','2020-06-11'),(290,77,'lastName','4','y','2020-06-11','2020-06-11'),(291,77,'idPassportNo','xdsApi','y','2020-06-11','2020-06-11'),(292,77,'dob','xdsApi','y','2020-06-11','2020-06-11'),(293,77,'address','4','y','2020-06-11','2020-06-11'),(294,77,'maritalStatus','xdsApi','y','2020-06-11','2020-06-11'),(295,77,'bankName','4','y','2020-06-11','2020-06-11'),(296,77,'branchCode','4','y','2020-06-11','2020-06-11'),(297,77,'accountNumber','4','y','2020-06-11','2020-06-11'),(298,77,'accountType','4','y','2020-06-11','2020-06-11'),(299,77,'phone','4','y','2020-06-11','2020-06-11'),(300,77,'altPhone','4','y','2020-06-11','2020-06-11'),(301,77,'occupation','4','y','2020-06-11','2020-06-11'),(302,77,'employer','4','y','2020-06-11','2020-06-11'),(303,77,'employerContact','4','y','2020-06-11','2020-06-11'),(304,77,'totalIncome','4','y','2020-06-11','2020-06-11'),(305,77,'totalExpenses','4','y','2020-06-11','2020-06-11'),(306,77,'idDocument','4','y','2020-06-11','2020-06-11'),(307,77,'payslip','4','y','2020-06-11','2020-06-11'),(308,77,'bankStatement','4','y','2020-06-11','2020-06-11'),(309,77,'rentDeposit','4','y','2020-06-11','2020-06-12'),(310,77,'creditReport','4','n','2020-06-11','2020-06-11'),(311,77,'nextOfKin','4','y','2020-06-11','2020-06-11'),(312,77,'nextOfKinContact','4','y','2020-06-11','2020-06-11'),(313,77,'rentDeposit','onlinePayment','y','2020-06-11','2020-06-11'),(314,78,'email','4','y','2020-06-11','2020-06-11'),(315,78,'proofOfPayment','4','y','2020-06-11','2020-06-11'),(316,78,'firstName','4','y','2020-06-11','2020-06-11'),(317,78,'lastName','4','y','2020-06-11','2020-06-11'),(318,78,'idPassportNo','4','y','2020-06-11','2020-06-11'),(319,78,'dob','4','y','2020-06-11','2020-06-11'),(320,78,'address','4','y','2020-06-11','2020-06-11'),(321,78,'maritalStatus','4','y','2020-06-11','2020-06-11'),(322,78,'bankName','4','y','2020-06-11','2020-06-11'),(323,78,'branchCode','4','y','2020-06-11','2020-06-11'),(324,78,'accountNumber','4','y','2020-06-11','2020-06-11'),(325,78,'accountType','4','y','2020-06-11','2020-06-11'),(326,78,'phone','4','y','2020-06-11','2020-06-11'),(327,78,'altPhone','4','y','2020-06-11','2020-06-11'),(328,78,'occupation','4','y','2020-06-11','2020-06-11'),(329,78,'employer','4','y','2020-06-11','2020-06-11'),(330,78,'employerContact','4','y','2020-06-11','2020-06-11'),(331,78,'totalIncome','4','y','2020-06-11','2020-06-11'),(332,78,'totalExpenses','4','y','2020-06-11','2020-06-11'),(333,78,'nextOfKin','4','y','2020-06-11','2020-06-11'),(334,78,'nextOfKinContact','4','y','2020-06-11','2020-06-11'),(335,78,'idDocument','4','y','2020-06-11','2020-06-11'),(336,78,'payslip','4','y','2020-06-11','2020-06-11'),(337,78,'bankStatement','4','y','2020-06-11','2020-06-11'),(338,78,'rentDeposit','4','y','2020-06-11','2020-06-11'),(339,78,'creditReport','4','n','2020-06-11','2020-06-11'),(340,79,'proofOfPayment','4','y','2020-06-11','2020-06-11'),(341,79,'email','4','y','2020-06-11','2020-06-11'),(342,79,'firstName','4','y','2020-06-11','2020-06-11'),(343,79,'lastName','4','y','2020-06-11','2020-06-11'),(344,79,'idPassportNo','4','y','2020-06-11','2020-06-11'),(345,79,'dob','4','y','2020-06-11','2020-06-11'),(346,79,'address','4','y','2020-06-11','2020-06-11'),(347,79,'maritalStatus','4','y','2020-06-11','2020-06-11'),(348,79,'bankName','4','y','2020-06-11','2020-06-11'),(349,79,'branchCode','4','y','2020-06-11','2020-06-11'),(350,79,'accountNumber','4','y','2020-06-11','2020-06-11'),(351,79,'accountType','4','y','2020-06-11','2020-06-11'),(352,79,'occupation','4','y','2020-06-11','2020-06-11'),(353,79,'employer','4','y','2020-06-11','2020-06-11'),(354,79,'employerContact','4','y','2020-06-11','2020-06-11'),(355,79,'totalIncome','4','y','2020-06-11','2020-06-11'),(356,79,'totalExpenses','4','y','2020-06-11','2020-06-11'),(357,79,'nextOfKin','4','y','2020-06-11','2020-06-11'),(358,79,'nextOfKinContact','4','y','2020-06-11','2020-06-11'),(359,79,'idDocument','4','y','2020-06-11','2020-06-11'),(360,79,'payslip','4','y','2020-06-11','2020-06-11'),(361,79,'bankStatement','4','y','2020-06-11','2020-06-11'),(362,79,'rentDeposit','4','y','2020-06-11','2020-06-11'),(363,79,'creditReport','4','n','2020-06-11','2020-06-11'),(364,79,'phone','4','y','2020-06-11','2020-06-11'),(365,79,'altPhone','4','y','2020-06-11','2020-06-11'),(366,79,'rentDeposit','onlinePayment','y','2020-06-11','2020-06-11'),(367,80,'proofOfPayment','4','y','2020-06-11','2020-06-11'),(368,80,'email','4','y','2020-06-11','2020-06-11'),(369,80,'firstName','4','y','2020-06-11','2020-06-11'),(370,80,'lastName','4','y','2020-06-11','2020-06-11'),(371,80,'idPassportNo','4','y','2020-06-11','2020-06-11'),(372,80,'dob','4','y','2020-06-11','2020-06-11'),(373,80,'address','4','y','2020-06-11','2020-06-11'),(374,80,'maritalStatus','4','y','2020-06-11','2020-06-11'),(375,80,'bankName','4','y','2020-06-11','2020-06-11'),(376,80,'branchCode','4','y','2020-06-11','2020-06-11'),(377,80,'accountNumber','4','y','2020-06-11','2020-06-11'),(378,80,'accountType','4','y','2020-06-11','2020-06-11'),(379,80,'phone','4','y','2020-06-11','2020-06-11'),(380,80,'altPhone','4','y','2020-06-11','2020-06-11'),(381,80,'idDocument','4','y','2020-06-11','2020-06-11'),(382,80,'payslip','4','y','2020-06-11','2020-06-11'),(383,80,'bankStatement','4','y','2020-06-11','2020-06-11'),(384,80,'rentDeposit','4','n','2020-06-11','2020-06-11'),(385,80,'creditReport','4','n','2020-06-11','2020-06-11'),(386,80,'nextOfKin','4','y','2020-06-11','2020-06-11'),(387,80,'nextOfKinContact','4','y','2020-06-11','2020-06-11'),(388,80,'occupation','4','y','2020-06-11','2020-06-11'),(389,80,'employer','4','y','2020-06-11','2020-06-11'),(390,80,'employerContact','4','y','2020-06-11','2020-06-11'),(391,80,'totalIncome','4','y','2020-06-11','2020-06-11'),(392,80,'totalExpenses','4','y','2020-06-11','2020-06-11'),(393,80,'rentDeposit','onlinePayment','y','2020-06-11','2020-06-11'),(394,82,'proofOfPayment','4','y','2020-06-12','2020-06-12'),(395,82,'email','4','y','2020-06-12','2020-06-12'),(396,82,'idDocument','4','y','2020-06-12','2020-06-12'),(397,82,'payslip','4','y','2020-06-12','2020-06-12'),(398,82,'bankStatement','4','y','2020-06-12','2020-06-12'),(399,82,'rentDeposit','4','n','2020-06-12','2020-06-12'),(400,82,'creditReport','4','n','2020-06-12','2020-06-12'),(401,82,'firstName','4','y','2020-06-12','2020-06-12'),(402,82,'lastName','4','y','2020-06-12','2020-06-12'),(403,82,'idPassportNo','4','y','2020-06-12','2020-06-12'),(404,82,'dob','4','y','2020-06-12','2020-06-12'),(405,82,'address','4','y','2020-06-12','2020-06-12'),(406,82,'maritalStatus','4','y','2020-06-12','2020-06-12'),(407,82,'bankName','4','y','2020-06-12','2020-06-12'),(408,82,'branchCode','4','y','2020-06-12','2020-06-12'),(409,82,'accountNumber','4','y','2020-06-12','2020-06-12'),(410,82,'accountType','4','y','2020-06-12','2020-06-12'),(411,82,'phone','4','y','2020-06-12','2020-06-12'),(412,82,'altPhone','4','y','2020-06-12','2020-06-12'),(413,82,'occupation','4','y','2020-06-12','2020-06-12'),(414,82,'employer','4','y','2020-06-12','2020-06-12'),(415,82,'employerContact','4','y','2020-06-12','2020-06-12'),(416,82,'totalIncome','4','y','2020-06-12','2020-06-12'),(417,82,'totalExpenses','4','y','2020-06-12','2020-06-12'),(418,82,'nextOfKin','4','y','2020-06-12','2020-06-12'),(419,82,'nextOfKinContact','4','y','2020-06-12','2020-06-12'),(420,82,'rentDeposit','onlinePayment','y','2020-06-12','2020-06-12'),(421,83,'proofOfPayment','4','y','2020-06-12','2020-06-12'),(422,83,'email','4','y','2020-06-12','2020-06-12'),(423,83,'firstName','4','y','2020-06-12','2020-06-12'),(424,83,'lastName','4','y','2020-06-12','2020-06-12'),(425,83,'idPassportNo','4','y','2020-06-12','2020-06-12'),(426,83,'dob','4','y','2020-06-12','2020-06-12'),(427,83,'address','4','y','2020-06-12','2020-06-12'),(428,83,'maritalStatus','4','y','2020-06-12','2020-06-12'),(429,83,'bankName','4','y','2020-06-12','2020-06-12'),(430,83,'branchCode','4','y','2020-06-12','2020-06-12'),(431,83,'accountNumber','4','y','2020-06-12','2020-06-12'),(432,83,'accountType','4','y','2020-06-12','2020-06-12'),(433,83,'occupation','4','y','2020-06-12','2020-06-12'),(434,83,'employer','4','y','2020-06-12','2020-06-12'),(435,83,'employerContact','4','y','2020-06-12','2020-06-12'),(436,83,'totalIncome','4','y','2020-06-12','2020-06-12'),(437,83,'totalExpenses','4','y','2020-06-12','2020-06-12'),(438,83,'phone','4','y','2020-06-12','2020-06-12'),(439,83,'altPhone','4','y','2020-06-12','2020-06-12'),(440,83,'nextOfKin','4','y','2020-06-12','2020-06-12'),(441,83,'nextOfKinContact','4','y','2020-06-12','2020-06-12'),(442,83,'idDocument','4','y','2020-06-12','2020-06-12'),(443,83,'payslip','4','y','2020-06-12','2020-06-12'),(444,83,'bankStatement','4','y','2020-06-12','2020-06-12'),(445,83,'rentDeposit','onlinePayment','y','2020-06-12','2020-06-12'),(446,83,'creditReport','4','n','2020-06-12','2020-06-12'),(447,85,'proofOfPayment','4','y','2020-06-12','2020-06-12'),(448,85,'email','4','y','2020-06-12','2020-06-12'),(449,85,'firstName','4','y','2020-06-12','2020-06-12'),(450,85,'lastName','4','y','2020-06-12','2020-06-12'),(451,85,'idPassportNo','4','y','2020-06-12','2020-06-12'),(452,85,'dob','4','y','2020-06-12','2020-06-12'),(453,85,'address','4','y','2020-06-12','2020-06-12'),(454,85,'maritalStatus','4','y','2020-06-12','2020-06-12'),(455,85,'bankName','4','y','2020-06-12','2020-06-12'),(456,85,'branchCode','4','y','2020-06-12','2020-06-12'),(457,85,'accountNumber','4','y','2020-06-12','2020-06-12'),(458,85,'accountType','4','y','2020-06-12','2020-06-12'),(459,85,'phone','4','y','2020-06-12','2020-06-12'),(460,85,'altPhone','4','y','2020-06-12','2020-06-12'),(461,85,'occupation','4','y','2020-06-12','2020-06-12'),(462,85,'employer','4','y','2020-06-12','2020-06-12'),(463,85,'employerContact','4','y','2020-06-12','2020-06-12'),(464,85,'totalIncome','4','y','2020-06-12','2020-06-12'),(465,85,'totalExpenses','4','y','2020-06-12','2020-06-12'),(466,85,'nextOfKin','4','y','2020-06-12','2020-06-12'),(467,85,'nextOfKinContact','4','y','2020-06-12','2020-06-12'),(468,85,'idDocument','4','y','2020-06-12','2020-06-12'),(469,85,'payslip','4','y','2020-06-12','2020-06-12'),(470,85,'bankStatement','4','y','2020-06-12','2020-06-12'),(471,85,'rentDeposit','onlinePayment','y','2020-06-12','2020-06-12'),(472,85,'creditReport','4','n','2020-06-12','2020-06-12'),(473,86,'proofOfPayment','4','y','2020-06-12','2020-06-12'),(474,86,'email','4','y','2020-06-12','2020-06-12'),(475,86,'idPassportNo','xdsApi','y','2020-06-12','2020-06-12'),(476,86,'dob','xdsApi','y','2020-06-12','2020-06-12'),(477,86,'lastName','xdsApi','y','2020-06-12','2020-06-12'),(478,86,'firstName','4','y','2020-06-12','2020-06-12'),(479,86,'address','4','y','2020-06-12','2020-06-12'),(480,86,'maritalStatus','4','y','2020-06-12','2020-06-12'),(481,86,'bankName','4','y','2020-06-12','2020-06-12'),(482,86,'branchCode','4','y','2020-06-12','2020-06-12'),(483,86,'accountNumber','4','y','2020-06-12','2020-06-12'),(484,86,'accountType','4','y','2020-06-12','2020-06-12'),(485,86,'phone','4','y','2020-06-12','2020-06-12'),(486,86,'altPhone','4','y','2020-06-12','2020-06-12'),(487,86,'occupation','4','y','2020-06-12','2020-06-12'),(488,86,'employer','4','y','2020-06-12','2020-06-12'),(489,86,'employerContact','4','y','2020-06-12','2020-06-12'),(490,86,'totalIncome','4','y','2020-06-12','2020-06-12'),(491,86,'totalExpenses','4','y','2020-06-12','2020-06-12'),(492,86,'idDocument','4','y','2020-06-12','2020-06-12'),(493,86,'payslip','4','y','2020-06-12','2020-06-12'),(494,86,'bankStatement','4','y','2020-06-12','2020-06-12'),(495,86,'rentDeposit','onlinePayment','y','2020-06-12','2020-06-12'),(496,86,'creditReport','4','y','2020-06-12','2020-06-12'),(497,86,'nextOfKin','4','y','2020-06-12','2020-06-12'),(498,86,'nextOfKinContact','4','y','2020-06-12','2020-06-12'),(499,87,'proofOfPayment','4','y','2020-06-12','2020-06-12'),(500,87,'email','4','y','2020-06-12','2020-06-12'),(501,87,'idPassportNo','4','y','2020-06-12','2020-06-12'),(502,87,'dob','4','y','2020-06-12','2020-06-12'),(503,87,'firstName','4','y','2020-06-12','2020-06-12'),(504,87,'lastName','4','y','2020-06-12','2020-06-12'),(505,87,'maritalStatus','4','y','2020-06-12','2020-06-12'),(506,87,'address','4','y','2020-06-12','2020-06-12'),(507,87,'bankName','4','y','2020-06-12','2020-06-12'),(508,87,'branchCode','4','y','2020-06-12','2020-06-12'),(509,87,'accountNumber','4','y','2020-06-12','2020-06-12'),(510,87,'accountType','4','y','2020-06-12','2020-06-12'),(511,87,'phone','4','y','2020-06-12','2020-06-12'),(512,87,'altPhone','4','y','2020-06-12','2020-06-12'),(513,87,'occupation','4','y','2020-06-12','2020-06-12'),(514,87,'employer','4','y','2020-06-12','2020-06-12'),(515,87,'employerContact','4','y','2020-06-12','2020-06-12'),(516,87,'totalIncome','4','y','2020-06-12','2020-06-12'),(517,87,'totalExpenses','4','y','2020-06-12','2020-06-12'),(518,87,'idDocument','4','y','2020-06-12','2020-06-12'),(519,87,'payslip','4','y','2020-06-12','2020-06-12'),(520,87,'bankStatement','4','y','2020-06-12','2020-06-12'),(521,87,'rentDeposit','onlinePayment','y','2020-06-12','2020-06-12'),(522,87,'creditReport','4','y','2020-06-12','2020-06-12'),(523,87,'nextOfKin','4','y','2020-06-12','2020-06-12'),(524,87,'nextOfKinContact','4','y','2020-06-12','2020-06-12'),(525,88,'proofOfPayment','4','y','2020-06-12','2020-06-12'),(526,88,'email','4','y','2020-06-12','2020-06-12'),(527,88,'idPassportNo','4','y','2020-06-12','2020-06-12'),(528,88,'dob','4','y','2020-06-12','2020-06-12'),(529,88,'firstName','4','y','2020-06-12','2020-06-12'),(530,88,'lastName','4','y','2020-06-12','2020-06-12'),(531,88,'maritalStatus','4','y','2020-06-12','2020-06-12'),(532,89,'proofOfPayment','4','y','2020-06-12','2020-06-12'),(533,89,'email','4','y','2020-06-12','2020-06-12'),(534,89,'idPassportNo','4','y','2020-06-12','2020-06-12'),(535,89,'dob','4','y','2020-06-12','2020-06-12'),(536,89,'firstName','4','y','2020-06-12','2020-06-12'),(537,89,'lastName','4','y','2020-06-12','2020-06-12'),(538,89,'maritalStatus','4','y','2020-06-12','2020-06-12'),(539,88,'address','4','y','2020-06-12','2020-06-12'),(540,88,'bankName','4','y','2020-06-12','2020-06-12'),(541,88,'branchCode','4','y','2020-06-12','2020-06-12'),(542,88,'accountNumber','4','y','2020-06-12','2020-06-12'),(543,88,'accountType','4','y','2020-06-12','2020-06-12'),(544,88,'phone','4','y','2020-06-12','2020-06-12'),(545,88,'altPhone','4','y','2020-06-12','2020-06-12'),(546,88,'occupation','4','y','2020-06-12','2020-06-12'),(547,88,'employer','4','y','2020-06-12','2020-06-12'),(548,88,'employerContact','4','y','2020-06-12','2020-06-12'),(549,88,'totalIncome','4','y','2020-06-12','2020-06-12'),(550,88,'totalExpenses','4','y','2020-06-12','2020-06-12'),(551,88,'nextOfKin','4','y','2020-06-12','2020-06-12'),(552,88,'nextOfKinContact','4','y','2020-06-12','2020-06-12'),(553,88,'idDocument','4','y','2020-06-12','2020-06-12'),(554,88,'payslip','4','y','2020-06-12','2020-06-12'),(555,88,'bankStatement','4','y','2020-06-12','2020-06-12'),(556,88,'rentDeposit','onlinePayment','y','2020-06-12','2020-06-12'),(557,88,'creditReport','4','y','2020-06-12','2020-06-12'),(558,89,'occupation','4','y','2020-06-12','2020-06-12'),(559,89,'employer','4','y','2020-06-12','2020-06-12'),(560,89,'employerContact','4','y','2020-06-12','2020-06-12'),(561,89,'totalIncome','4','y','2020-06-12','2020-06-12'),(562,89,'totalExpenses','4','y','2020-06-12','2020-06-12'),(563,89,'address','4','y','2020-06-12','2020-06-12'),(564,89,'bankName','4','y','2020-06-12','2020-06-12'),(565,89,'branchCode','4','y','2020-06-12','2020-06-12'),(566,89,'accountNumber','4','y','2020-06-12','2020-06-12'),(567,89,'accountType','4','y','2020-06-12','2020-06-12'),(568,89,'phone','4','y','2020-06-12','2020-06-12'),(569,89,'altPhone','4','y','2020-06-12','2020-06-12'),(570,89,'nextOfKin','4','y','2020-06-12','2020-06-12'),(571,89,'nextOfKinContact','4','y','2020-06-12','2020-06-12'),(572,89,'idDocument','4','y','2020-06-12','2020-06-12'),(573,89,'payslip','4','y','2020-06-12','2020-06-12'),(574,89,'bankStatement','4','y','2020-06-12','2020-06-12'),(575,89,'rentDeposit','4','n','2020-06-12','2020-06-12'),(576,89,'creditReport','4','y','2020-06-12','2020-06-12'),(577,90,'proofOfPayment','4','y','2020-06-12','2020-06-12'),(578,90,'email','4','y','2020-06-12','2020-06-12'),(579,90,'idPassportNo','4','y','2020-06-12','2020-06-12'),(580,90,'dob','4','y','2020-06-12','2020-06-12'),(581,90,'firstName','4','y','2020-06-12','2020-06-12'),(582,90,'lastName','4','y','2020-06-12','2020-06-12'),(583,90,'maritalStatus','4','y','2020-06-12','2020-06-12'),(584,90,'address','4','y','2020-06-12','2020-06-12'),(585,90,'bankName','4','y','2020-06-12','2020-06-12'),(586,90,'branchCode','4','y','2020-06-12','2020-06-12'),(587,90,'accountNumber','4','y','2020-06-12','2020-06-12'),(588,90,'accountType','4','y','2020-06-12','2020-06-12'),(589,90,'phone','4','y','2020-06-12','2020-06-12'),(590,90,'altPhone','4','y','2020-06-12','2020-06-12'),(591,90,'occupation','4','y','2020-06-12','2020-06-12'),(592,90,'employer','4','y','2020-06-12','2020-06-12'),(593,90,'employerContact','4','y','2020-06-12','2020-06-12'),(594,90,'totalIncome','4','y','2020-06-12','2020-06-12'),(595,90,'totalExpenses','4','y','2020-06-12','2020-06-12'),(596,90,'nextOfKin','4','y','2020-06-12','2020-06-12'),(597,90,'nextOfKinContact','4','y','2020-06-12','2020-06-12'),(598,90,'idDocument','4','y','2020-06-12','2020-06-12'),(599,90,'payslip','4','y','2020-06-12','2020-06-12'),(600,90,'bankStatement','4','y','2020-06-12','2020-06-12'),(601,90,'rentDeposit','onlinePayment','y','2020-06-12','2020-06-12'),(602,90,'creditReport','4','y','2020-06-12','2020-06-12'),(603,85,'proofOfPayment','onlinePayment','y','2020-06-13','2020-06-13'),(604,85,'email','onlinePortal','y','2020-06-13','2020-06-13'),(605,91,'proofOfPayment','4','y','2020-06-13','2020-06-13'),(606,91,'email','4','y','2020-06-13','2020-06-13'),(607,91,'idPassportNo','4','y','2020-06-13','2020-06-13'),(608,91,'dob','4','y','2020-06-13','2020-06-13'),(609,91,'firstName','4','y','2020-06-13','2020-06-13'),(610,91,'lastName','4','y','2020-06-13','2020-06-13'),(611,91,'address','4','y','2020-06-13','2020-06-13'),(612,91,'maritalStatus','4','y','2020-06-13','2020-06-13'),(613,91,'bankName','4','y','2020-06-13','2020-06-13'),(614,91,'branchCode','4','y','2020-06-13','2020-06-13'),(615,91,'accountNumber','4','y','2020-06-13','2020-06-13'),(616,91,'accountType','4','y','2020-06-13','2020-06-13'),(617,91,'phone','4','y','2020-06-13','2020-06-13'),(618,91,'altPhone','4','y','2020-06-13','2020-06-13'),(619,91,'occupation','4','y','2020-06-13','2020-06-13'),(620,91,'employer','4','y','2020-06-13','2020-06-13'),(621,91,'employerContact','4','y','2020-06-13','2020-06-13'),(622,91,'totalIncome','4','y','2020-06-13','2020-06-13'),(623,91,'totalExpenses','4','y','2020-06-13','2020-06-13'),(624,91,'nextOfKin','4','y','2020-06-13','2020-06-13'),(625,91,'nextOfKinContact','4','y','2020-06-13','2020-06-13'),(626,91,'idDocument','4','y','2020-06-13','2020-06-13'),(627,91,'payslip','4','y','2020-06-13','2020-06-13'),(628,91,'bankStatement','4','y','2020-06-13','2020-06-13'),(629,91,'rentDeposit','4','n','2020-06-13','2020-06-13'),(630,91,'creditReport','4','y','2020-06-13','2020-06-13'),(631,93,'proofOfPayment','onlinePayment','y','2020-06-13','2020-06-13'),(632,93,'email','onlinePortal','y','2020-06-13','2020-06-13'),(633,93,'idPassportNo','xdsApi','y','2020-06-13','2020-06-13'),(634,93,'dob','xdsApi','y','2020-06-13','2020-06-13'),(635,93,'firstName','xdsApi','y','2020-06-13','2020-06-13'),(636,93,'lastName','xdsApi','y','2020-06-13','2020-06-13'),(637,94,'email','4','y','2020-06-13','2020-06-13'),(638,94,'proofOfPayment','4','y','2020-06-13','2020-06-13'),(639,94,'idPassportNo','4','y','2020-06-13','2020-06-13'),(640,94,'dob','4','y','2020-06-13','2020-06-13'),(641,94,'firstName','4','y','2020-06-13','2020-06-13'),(642,94,'lastName','4','y','2020-06-13','2020-06-13'),(643,94,'maritalStatus','4','y','2020-06-13','2020-06-13'),(644,94,'address','4','y','2020-06-13','2020-06-13'),(645,94,'bankName','4','y','2020-06-13','2020-06-13'),(646,94,'branchCode','4','y','2020-06-13','2020-06-13'),(647,94,'accountNumber','4','y','2020-06-13','2020-06-13'),(648,94,'accountType','4','y','2020-06-13','2020-06-13'),(649,94,'occupation','4','y','2020-06-13','2020-06-13'),(650,94,'employer','4','y','2020-06-13','2020-06-13'),(651,94,'employerContact','4','y','2020-06-13','2020-06-13'),(652,94,'totalIncome','4','y','2020-06-13','2020-06-13'),(653,94,'totalExpenses','4','y','2020-06-13','2020-06-13'),(654,94,'phone','4','y','2020-06-13','2020-06-13'),(655,94,'altPhone','4','y','2020-06-13','2020-06-13'),(656,94,'nextOfKin','4','y','2020-06-13','2020-06-13'),(657,94,'nextOfKinContact','4','y','2020-06-13','2020-06-13'),(658,94,'idDocument','4','y','2020-06-13','2020-06-13'),(659,94,'payslip','4','y','2020-06-13','2020-06-13'),(660,94,'bankStatement','4','y','2020-06-13','2020-06-13'),(661,94,'rentDeposit','onlinePayment','y','2020-06-13','2020-06-13'),(662,94,'creditReport','4','y','2020-06-13','2020-06-13'),(663,95,'proofOfPayment','4','y','2020-06-13','2020-06-13'),(664,95,'email','4','y','2020-06-13','2020-06-13'),(665,95,'idPassportNo','4','y','2020-06-13','2020-06-13'),(666,95,'dob','4','y','2020-06-13','2020-06-13'),(667,95,'firstName','4','y','2020-06-13','2020-06-13'),(668,95,'lastName','4','y','2020-06-13','2020-06-13'),(669,95,'maritalStatus','4','y','2020-06-13','2020-06-13'),(670,95,'accountNumber','4','y','2020-06-13','2020-06-13'),(671,95,'branchCode','4','y','2020-06-13','2020-06-13'),(672,95,'accountType','4','y','2020-06-13','2020-06-13'),(673,95,'bankName','4','y','2020-06-13','2020-06-13'),(674,95,'phone','4','y','2020-06-13','2020-06-13'),(675,95,'altPhone','4','y','2020-06-13','2020-06-13'),(676,95,'address','4','y','2020-06-13','2020-06-13'),(677,95,'occupation','4','y','2020-06-13','2020-06-13'),(678,95,'employer','4','y','2020-06-13','2020-06-13'),(679,95,'employerContact','4','y','2020-06-13','2020-06-13'),(680,95,'totalIncome','4','y','2020-06-13','2020-06-13'),(681,95,'totalExpenses','4','y','2020-06-13','2020-06-13'),(682,95,'nextOfKin','4','y','2020-06-13','2020-06-13'),(683,95,'nextOfKinContact','4','y','2020-06-13','2020-06-13'),(684,95,'idDocument','4','y','2020-06-13','2020-06-13'),(685,95,'payslip','4','y','2020-06-13','2020-06-13'),(686,95,'bankStatement','4','y','2020-06-13','2020-06-13'),(687,95,'rentDeposit','onlinePayment','y','2020-06-13','2020-06-13'),(688,95,'creditReport','4','y','2020-06-13','2020-06-13'),(689,96,'proofOfPayment','4','y','2020-06-13','2020-06-13'),(690,96,'email','4','y','2020-06-13','2020-06-13'),(691,96,'idPassportNo','4','y','2020-06-13','2020-06-13'),(692,96,'dob','4','y','2020-06-13','2020-06-13'),(693,96,'firstName','4','y','2020-06-13','2020-06-13'),(694,96,'lastName','4','y','2020-06-13','2020-06-13'),(695,96,'maritalStatus','4','y','2020-06-13','2020-06-13'),(696,96,'address','4','y','2020-06-13','2020-06-13'),(697,96,'bankName','4','y','2020-06-13','2020-06-13'),(698,96,'branchCode','4','y','2020-06-13','2020-06-13'),(699,96,'accountNumber','4','y','2020-06-13','2020-06-13'),(700,96,'accountType','4','y','2020-06-13','2020-06-13'),(701,96,'phone','4','y','2020-06-13','2020-06-13'),(702,96,'altPhone','4','y','2020-06-13','2020-06-13'),(703,96,'occupation','4','y','2020-06-13','2020-06-13'),(704,96,'employer','4','y','2020-06-13','2020-06-13'),(705,96,'employerContact','4','y','2020-06-13','2020-06-13'),(706,96,'totalIncome','4','y','2020-06-13','2020-06-13'),(707,96,'totalExpenses','4','y','2020-06-13','2020-06-13'),(708,96,'nextOfKin','4','y','2020-06-13','2020-06-13'),(709,96,'nextOfKinContact','4','y','2020-06-13','2020-06-13'),(710,96,'idDocument','4','y','2020-06-13','2020-06-13'),(711,96,'payslip','4','y','2020-06-13','2020-06-13'),(712,96,'bankStatement','4','y','2020-06-13','2020-06-13'),(713,96,'rentDeposit','onlinePayment','y','2020-06-13','2020-06-13'),(714,96,'creditReport','4','y','2020-06-13','2020-06-13'),(715,97,'proofOfPayment','onlinePayment','y','2020-06-13','2020-06-13'),(716,97,'email','onlinePortal','y','2020-06-13','2020-06-13'),(717,97,'idPassportNo','xdsApi','y','2020-06-13','2020-06-13'),(718,97,'dob','xdsApi','y','2020-06-13','2020-06-13'),(719,97,'lastName','xdsApi','y','2020-06-13','2020-06-13'),(720,98,'proofOfPayment','4','y','2020-06-14','2020-06-14'),(721,98,'email','4','y','2020-06-14','2020-06-14'),(722,98,'idPassportNo','4','y','2020-06-14','2020-06-14'),(723,98,'dob','4','y','2020-06-14','2020-06-14'),(724,98,'firstName','4','y','2020-06-14','2020-06-14'),(725,98,'lastName','4','y','2020-06-14','2020-06-14'),(726,98,'maritalStatus','4','y','2020-06-14','2020-06-14'),(727,98,'address','4','y','2020-06-14','2020-06-14'),(728,98,'bankName','4','y','2020-06-14','2020-06-14'),(729,98,'branchCode','4','y','2020-06-14','2020-06-14'),(730,98,'accountNumber','4','y','2020-06-14','2020-06-14'),(731,98,'accountType','4','y','2020-06-14','2020-06-14'),(732,98,'phone','4','y','2020-06-14','2020-06-14'),(733,98,'altPhone','4','y','2020-06-14','2020-06-14'),(734,98,'occupation','4','y','2020-06-14','2020-06-14'),(735,98,'employer','4','y','2020-06-14','2020-06-14'),(736,98,'employerContact','4','y','2020-06-14','2020-06-14'),(737,98,'totalIncome','4','y','2020-06-14','2020-06-14'),(738,98,'totalExpenses','4','y','2020-06-14','2020-06-14'),(739,98,'nextOfKin','4','y','2020-06-14','2020-06-14'),(740,98,'nextOfKinContact','4','y','2020-06-14','2020-06-14'),(741,98,'idDocument','4','y','2020-06-14','2020-06-14'),(742,98,'payslip','4','y','2020-06-14','2020-06-14'),(743,98,'bankStatement','4','y','2020-06-14','2020-06-14'),(744,98,'rentDeposit','onlinePayment','y','2020-06-14','2020-06-14'),(745,98,'creditReport','4','y','2020-06-14','2020-06-14'),(746,99,'email','4','y','2020-06-14','2020-06-14'),(747,99,'proofOfPayment','4','y','2020-06-14','2020-06-14'),(748,99,'idPassportNo','4','y','2020-06-14','2020-06-14'),(749,99,'dob','4','y','2020-06-14','2020-06-14'),(750,99,'firstName','4','y','2020-06-14','2020-06-14'),(751,99,'lastName','4','y','2020-06-14','2020-06-14'),(752,99,'maritalStatus','4','y','2020-06-14','2020-06-14'),(753,99,'idDocument','4','y','2020-06-14','2020-06-14'),(754,99,'payslip','4','y','2020-06-14','2020-06-14'),(755,99,'bankStatement','4','y','2020-06-14','2020-06-14'),(756,99,'rentDeposit','onlinePayment','y','2020-06-14','2020-06-14'),(757,99,'creditReport','4','y','2020-06-14','2020-06-14'),(758,99,'nextOfKin','4','y','2020-06-14','2020-06-14'),(759,99,'nextOfKinContact','4','y','2020-06-14','2020-06-14'),(760,99,'occupation','4','y','2020-06-14','2020-06-14'),(761,99,'employer','4','y','2020-06-14','2020-06-14'),(762,99,'employerContact','4','y','2020-06-14','2020-06-14'),(763,99,'totalIncome','4','y','2020-06-14','2020-06-14'),(764,99,'totalExpenses','4','y','2020-06-14','2020-06-14'),(765,99,'phone','4','y','2020-06-14','2020-06-14'),(766,99,'altPhone','4','y','2020-06-14','2020-06-14'),(767,99,'address','4','y','2020-06-14','2020-06-14'),(768,99,'bankName','4','y','2020-06-14','2020-06-14'),(769,99,'branchCode','4','y','2020-06-14','2020-06-14'),(770,99,'accountNumber','4','y','2020-06-14','2020-06-14'),(771,99,'accountType','4','y','2020-06-14','2020-06-14'),(772,100,'email','4','y','2020-06-14','2020-06-14'),(773,100,'proofOfPayment','4','y','2020-06-14','2020-06-14'),(774,100,'idPassportNo','4','y','2020-06-14','2020-06-14'),(775,100,'dob','4','y','2020-06-14','2020-06-14'),(776,100,'firstName','4','y','2020-06-14','2020-06-14'),(777,100,'lastName','4','y','2020-06-14','2020-06-14'),(778,100,'maritalStatus','4','y','2020-06-14','2020-06-14'),(779,100,'address','4','y','2020-06-14','2020-06-14'),(780,100,'bankName','4','y','2020-06-14','2020-06-14'),(781,100,'branchCode','4','y','2020-06-14','2020-06-14'),(782,100,'accountNumber','4','y','2020-06-14','2020-06-14'),(783,100,'accountType','4','y','2020-06-14','2020-06-14'),(784,100,'phone','4','y','2020-06-14','2020-06-14'),(785,100,'altPhone','4','y','2020-06-14','2020-06-14'),(786,100,'occupation','4','y','2020-06-14','2020-06-14'),(787,100,'employer','4','y','2020-06-14','2020-06-14'),(788,100,'employerContact','4','y','2020-06-14','2020-06-14'),(789,100,'totalIncome','4','y','2020-06-14','2020-06-14'),(790,100,'totalExpenses','4','y','2020-06-14','2020-06-14'),(791,100,'nextOfKin','4','y','2020-06-14','2020-06-14'),(792,100,'nextOfKinContact','4','y','2020-06-14','2020-06-14'),(793,100,'idDocument','4','y','2020-06-14','2020-06-14'),(794,100,'payslip','4','y','2020-06-14','2020-06-14'),(795,100,'bankStatement','4','y','2020-06-14','2020-06-14'),(796,100,'rentDeposit','onlinePayment','y','2020-06-14','2020-06-14'),(797,100,'creditReport','4','y','2020-06-14','2020-06-14'),(802,102,'proofOfPayment','4','y','2020-06-15','2020-06-15'),(803,102,'idPassportNo','xdsApi','y','2020-06-15','2020-06-15'),(804,102,'dob','xdsApi','y','2020-06-15','2020-06-15'),(805,102,'maritalStatus','xdsApi','y','2020-06-15','2020-06-15'),(806,101,'proofOfPayment','4','y','2020-06-15','2020-06-15'),(807,101,'email','4','y','2020-06-15','2020-06-15'),(808,101,'idPassportNo','4','y','2020-06-15','2020-06-15'),(809,101,'dob','4','y','2020-06-15','2020-06-15'),(810,101,'maritalStatus','4','y','2020-06-15','2020-06-15'),(811,101,'occupation','4','y','2020-06-15','2020-06-15'),(812,101,'employer','4','y','2020-06-15','2020-06-15'),(813,101,'employerContact','4','y','2020-06-15','2020-06-15'),(814,101,'totalIncome','4','y','2020-06-15','2020-06-15'),(815,101,'totalExpenses','4','y','2020-06-15','2020-06-15'),(816,101,'firstName','4','y','2020-06-15','2020-06-15'),(817,101,'lastName','4','y','2020-06-15','2020-06-15'),(818,101,'address','4','y','2020-06-15','2020-06-15'),(819,101,'bankName','4','y','2020-06-15','2020-06-15'),(820,101,'branchCode','4','y','2020-06-15','2020-06-15'),(821,101,'accountNumber','4','y','2020-06-15','2020-06-15'),(822,101,'accountType','4','y','2020-06-15','2020-06-15'),(823,101,'phone','4','y','2020-06-15','2020-06-15'),(824,101,'altPhone','4','y','2020-06-15','2020-06-15'),(825,101,'nextOfKin','4','y','2020-06-15','2020-06-15'),(826,101,'nextOfKinContact','4','y','2020-06-15','2020-06-15'),(827,101,'idDocument','4','y','2020-06-15','2020-06-15'),(828,101,'payslip','4','y','2020-06-15','2020-06-15'),(829,101,'bankStatement','4','y','2020-06-15','2020-06-15'),(830,101,'rentDeposit','4','n','2020-06-15','2020-06-15'),(831,101,'creditReport','4','y','2020-06-15','2020-06-15'),(832,103,'email','4','y','2020-06-15','2020-06-15'),(833,103,'proofOfPayment','4','y','2020-06-15','2020-06-15'),(834,103,'idPassportNo','4','y','2020-06-15','2020-06-15'),(835,103,'dob','4','y','2020-06-15','2020-06-15'),(836,103,'firstName','4','y','2020-06-15','2020-06-15'),(837,103,'lastName','4','y','2020-06-15','2020-06-15'),(838,103,'maritalStatus','4','y','2020-06-15','2020-06-15'),(839,103,'idDocument','4','y','2020-06-15','2020-06-15'),(840,103,'payslip','4','y','2020-06-15','2020-06-15'),(841,103,'bankStatement','4','y','2020-06-15','2020-06-15'),(842,103,'rentDeposit','onlinePayment','y','2020-06-15','2020-06-15'),(843,103,'creditReport','4','y','2020-06-15','2020-06-15'),(844,103,'nextOfKin','4','y','2020-06-15','2020-06-15'),(845,103,'nextOfKinContact','4','y','2020-06-15','2020-06-15'),(846,103,'phone','4','y','2020-06-15','2020-06-15'),(847,103,'altPhone','4','y','2020-06-15','2020-06-15'),(848,103,'occupation','4','y','2020-06-15','2020-06-15'),(849,103,'employer','4','y','2020-06-15','2020-06-15'),(850,103,'employerContact','4','y','2020-06-15','2020-06-15'),(851,103,'totalIncome','4','y','2020-06-15','2020-06-15'),(852,103,'totalExpenses','4','y','2020-06-15','2020-06-15'),(853,103,'address','4','y','2020-06-15','2020-06-15'),(854,103,'bankName','4','y','2020-06-15','2020-06-15'),(855,103,'branchCode','4','y','2020-06-15','2020-06-15'),(856,103,'accountNumber','4','y','2020-06-15','2020-06-15'),(857,103,'accountType','4','y','2020-06-15','2020-06-15'),(858,104,'proofOfPayment','4','y','2020-06-15','2020-06-15'),(859,104,'email','4','y','2020-06-15','2020-06-15'),(860,104,'idPassportNo','4','y','2020-06-15','2020-06-15'),(861,104,'dob','4','y','2020-06-15','2020-06-15'),(862,104,'firstName','4','y','2020-06-15','2020-06-15'),(863,104,'lastName','4','y','2020-06-15','2020-06-15'),(864,104,'maritalStatus','4','y','2020-06-15','2020-06-15'),(865,104,'address','4','y','2020-06-15','2020-06-15'),(866,104,'bankName','4','y','2020-06-15','2020-06-15'),(867,104,'branchCode','4','y','2020-06-15','2020-06-15'),(868,104,'accountNumber','4','y','2020-06-15','2020-06-15'),(869,104,'accountType','4','y','2020-06-15','2020-06-15'),(870,104,'phone','4','y','2020-06-15','2020-06-15'),(871,104,'altPhone','4','y','2020-06-15','2020-06-15'),(872,104,'occupation','4','y','2020-06-15','2020-06-15'),(873,104,'employer','4','y','2020-06-15','2020-06-15'),(874,104,'employerContact','4','y','2020-06-15','2020-06-15'),(875,104,'totalIncome','4','y','2020-06-15','2020-06-15'),(876,104,'totalExpenses','4','y','2020-06-15','2020-06-15'),(877,104,'nextOfKin','4','y','2020-06-15','2020-06-15'),(878,104,'nextOfKinContact','4','y','2020-06-15','2020-06-15'),(879,104,'idDocument','4','y','2020-06-15','2020-06-15'),(880,104,'payslip','4','y','2020-06-15','2020-06-15'),(881,104,'bankStatement','4','y','2020-06-15','2020-06-15'),(882,104,'rentDeposit','4','n','2020-06-15','2020-06-15'),(883,104,'creditReport','4','y','2020-06-15','2020-06-15'),(884,105,'proofOfPayment','4','y','2020-06-17','2020-06-17'),(885,105,'email','4','y','2020-06-17','2020-06-17'),(886,105,'idPassportNo','4','y','2020-06-17','2020-06-17'),(887,105,'dob','4','y','2020-06-17','2020-06-17'),(888,105,'firstName','4','y','2020-06-17','2020-06-17'),(889,105,'lastName','4','y','2020-06-17','2020-06-17'),(890,105,'maritalStatus','4','y','2020-06-17','2020-06-17'),(891,105,'address','4','y','2020-06-17','2020-06-17'),(892,105,'bankName','4','y','2020-06-17','2020-06-17'),(893,105,'branchCode','4','y','2020-06-17','2020-06-17'),(894,105,'accountNumber','4','y','2020-06-17','2020-06-17'),(895,105,'accountType','4','y','2020-06-17','2020-06-17'),(896,105,'phone','4','y','2020-06-17','2020-06-17'),(897,105,'altPhone','4','y','2020-06-17','2020-06-17'),(898,105,'occupation','4','y','2020-06-17','2020-06-17'),(899,105,'employer','4','y','2020-06-17','2020-06-17'),(900,105,'employerContact','4','y','2020-06-17','2020-06-17'),(901,105,'totalIncome','4','y','2020-06-17','2020-06-17'),(902,105,'totalExpenses','4','y','2020-06-17','2020-06-17'),(903,105,'nextOfKin','4','y','2020-06-17','2020-06-17'),(904,105,'nextOfKinContact','4','y','2020-06-17','2020-06-17'),(905,105,'idDocument','4','y','2020-06-17','2020-06-17'),(906,105,'payslip','4','y','2020-06-17','2020-06-17'),(907,105,'bankStatement','4','y','2020-06-17','2020-06-17'),(908,105,'rentDeposit','onlinePayment','y','2020-06-17','2020-06-23'),(909,105,'creditReport','4','y','2020-06-17','2020-06-17'),(910,106,'proofOfPayment','4','y','2020-06-22','2020-06-22'),(911,106,'email','4','y','2020-06-22','2020-06-22'),(912,106,'idPassportNo','4','y','2020-06-22','2020-06-22'),(913,106,'dob','4','y','2020-06-22','2020-06-22'),(914,106,'firstName','4','y','2020-06-22','2020-06-22'),(915,106,'lastName','4','y','2020-06-22','2020-06-22'),(916,106,'address','4','y','2020-06-22','2020-06-22'),(917,106,'maritalStatus','4','y','2020-06-22','2020-06-22'),(918,106,'bankName','4','y','2020-06-22','2020-06-22'),(919,106,'branchCode','4','y','2020-06-22','2020-06-22'),(920,106,'accountNumber','4','y','2020-06-22','2020-06-22'),(921,106,'accountType','4','y','2020-06-22','2020-06-22'),(922,106,'phone','4','y','2020-06-22','2020-06-22'),(923,106,'altPhone','4','y','2020-06-22','2020-06-22'),(924,106,'occupation','4','y','2020-06-22','2020-06-22'),(925,106,'employer','4','y','2020-06-22','2020-06-22'),(926,106,'employerContact','4','y','2020-06-22','2020-06-22'),(927,106,'totalIncome','4','y','2020-06-22','2020-06-22'),(928,106,'totalExpenses','4','y','2020-06-22','2020-06-22'),(929,106,'nextOfKin','4','y','2020-06-22','2020-06-22'),(930,106,'nextOfKinContact','4','y','2020-06-22','2020-06-22'),(931,106,'idDocument','4','y','2020-06-22','2020-06-22'),(932,106,'payslip','4','y','2020-06-22','2020-06-22'),(933,106,'bankStatement','4','y','2020-06-22','2020-06-22'),(934,106,'rentDeposit','onlinePayment','y','2020-06-22','2020-06-22'),(935,106,'creditReport','4','y','2020-06-22','2020-06-22'),(936,108,'proofOfPayment','4','y','2020-06-22','2020-06-22'),(937,108,'email','4','y','2020-06-22','2020-06-22'),(938,108,'idPassportNo','4','y','2020-06-22','2020-06-22'),(939,108,'dob','4','y','2020-06-22','2020-06-22'),(940,108,'firstName','4','y','2020-06-22','2020-06-22'),(941,108,'lastName','4','y','2020-06-22','2020-06-22'),(942,108,'address','4','y','2020-06-22','2020-06-22'),(943,108,'maritalStatus','4','y','2020-06-22','2020-06-22'),(944,108,'bankName','4','y','2020-06-22','2020-06-22'),(945,108,'branchCode','4','y','2020-06-22','2020-06-22'),(946,108,'accountNumber','4','y','2020-06-22','2020-06-22'),(947,108,'accountType','4','y','2020-06-22','2020-06-22'),(948,108,'phone','4','y','2020-06-22','2020-06-22'),(949,108,'altPhone','4','y','2020-06-22','2020-06-22'),(950,108,'occupation','4','y','2020-06-22','2020-06-22'),(951,108,'employer','4','y','2020-06-22','2020-06-22'),(952,108,'employerContact','4','y','2020-06-22','2020-06-22'),(953,108,'totalIncome','4','y','2020-06-22','2020-06-22'),(954,108,'totalExpenses','4','y','2020-06-22','2020-06-22'),(955,108,'nextOfKin','4','y','2020-06-22','2020-06-22'),(956,108,'nextOfKinContact','4','y','2020-06-22','2020-06-22'),(957,108,'idDocument','4','y','2020-06-22','2020-06-22'),(958,108,'payslip','4','y','2020-06-22','2020-06-22'),(959,108,'bankStatement','4','y','2020-06-22','2020-06-22'),(960,108,'rentDeposit','4','n','2020-06-22','2020-06-22'),(961,108,'creditReport','4','y','2020-06-22','2020-06-22');
/*!40000 ALTER TABLE `userChecklist` ENABLE KEYS */;
UNLOCK TABLES;

--
-- Table structure for table `users`
--

DROP TABLE IF EXISTS `users`;
/*!40101 SET @saved_cs_client     = @@character_set_client */;
/*!50503 SET character_set_client = utf8mb4 */;
CREATE TABLE `users` (
  `id` int(11) NOT NULL AUTO_INCREMENT,
  `mainUserID` int(11) DEFAULT NULL,
  `email` varchar(100) DEFAULT NULL,
  `firstName` varchar(99) DEFAULT NULL,
  `lastName` varchar(45) DEFAULT NULL,
  `phone` varchar(45) DEFAULT NULL,
  `altPhone` varchar(45) DEFAULT NULL,
  `password` varchar(100) DEFAULT NULL,
  `verificationCode` int(11) DEFAULT NULL,
  `pmLevel` int(11) DEFAULT NULL,
  `reset` int(11) DEFAULT NULL,
  `fcmToken` varchar(200) DEFAULT NULL,
  `isNew` int(11) DEFAULT '0',
  `isVerified` int(10) DEFAULT '0',
  `userType` int(11) DEFAULT '1',
  `userState` int(11) NOT NULL DEFAULT '1',
  `dateCreated` datetime DEFAULT NULL,
  `dateUpdated` datetime DEFAULT NULL,
  `isDeleted` enum('y','n') NOT NULL DEFAULT 'n',
  PRIMARY KEY (`id`)
) ENGINE=InnoDB AUTO_INCREMENT=116 DEFAULT CHARSET=utf8;
/*!40101 SET character_set_client = @saved_cs_client */;

--
-- Dumping data for table `users`
--

LOCK TABLES `users` WRITE;
/*!40000 ALTER TABLE `users` DISABLE KEYS */;
INSERT INTO `users` VALUES (4,NULL,'admin@demo.co.za','Admin ','User','0128787874',NULL,'2a97516c354b68848cdbd8f54a226a0a55b21ed138e207ad6c5cbb9c00aa5aea',555575650,1,NULL,'0',1,1,1,1,'2020-04-01 14:21:54','2020-04-07 00:00:00','n'),(5,NULL,'user@demo.co.za','Tenant','User','0128787878',NULL,'2a97516c354b68848cdbd8f54a226a0a55b21ed138e207ad6c5cbb9c00aa5aea',555575650,2,NULL,'0',1,1,2,1,'2020-04-01 14:21:54','2020-04-01 14:21:54','n'),(13,NULL,'hilette.wentze1l@gmail.com','Hilette','Wentzel','0834449349',NULL,'dcd61271bab906317934311c3619fc0f44a7c3145d06c12fc3598b30ef20e34d',12345,2,NULL,'0',1,1,2,1,'2020-04-06 08:57:01','2020-04-06 08:57:01','n'),(17,NULL,'vinesh1@cfpman.co.za','Vineshlall','Sukraj','0824662449',NULL,'c98382be7ef7575f06ceaceb4356ec8f2be6ce8ef597117ade5e145e2044bca7',12345,2,NULL,'0',0,1,2,1,'2020-04-07 11:11:13','2020-04-07 11:11:13','n'),(18,NULL,'new@demo.co.za','New ','Admin','0731590660',NULL,'2a97516c354b68848cdbd8f54a226a0a55b21ed138e207ad6c5cbb9c00aa5aea',12345,1,NULL,NULL,0,1,1,1,'2020-04-07 19:31:25','2020-04-07 19:31:25','y'),(36,NULL,'test@gmail.com','test','test','0731590660',NULL,'2a97516c354b68848cdbd8f54a226a0a55b21ed138e207ad6c5cbb9c00aa5aea',12345,1,NULL,NULL,0,1,1,1,'2020-04-11 12:25:41','2020-04-11 12:25:41','y'),(37,NULL,'ray.smartviewutil1@gmail.com','Raymond','Dhlamini','0734626262',NULL,'7ef3161e5af18f4f0a01a59e0e77aaf9974766896f46b35859fba7081619ad43',597147392,2,NULL,NULL,1,1,2,1,'2020-04-13 10:13:27','2020-04-13 10:13:27','n'),(38,NULL,'boitumelobem1@gmail.com','Boitumelo','Mofokeng','0734626262',NULL,'7ef3161e5af18f4f0a01a59e0e77aaf9974766896f46b35859fba7081619ad43',1785662684,2,NULL,NULL,1,1,2,1,'2020-04-16 10:37:33','2020-04-16 10:37:33','n'),(39,NULL,'smartViewiottesting1@gmail.com','Raymond','Dhl','0734626262',NULL,'7ef3161e5af18f4f0a01a59e0e77aaf9974766896f46b35859fba7081619ad43',807974062,2,NULL,NULL,1,1,2,1,'2020-04-21 21:37:46','2020-04-21 21:37:46','n'),(41,NULL,'ray.smartviewutil@gmail.com','reyy','reyy','0734626262',NULL,'7ef3161e5af18f4f0a01a59e0e77aaf9974766896f46b35859fba7081619ad43',12345,1,NULL,NULL,0,1,1,1,'2020-04-22 22:34:33','2020-04-22 00:00:00','y'),(43,NULL,'nimrodmut@gmail.com','Nimrod','Mutandwa','0731590660',NULL,'2a97516c354b68848cdbd8f54a226a0a55b21ed138e207ad6c5cbb9c00aa5aea',12345,1,NULL,NULL,1,1,1,1,'2020-05-01 20:39:56','2020-05-01 20:39:56','n'),(44,NULL,'ingrid1@zelriprop.co.za','piet','pompies','0824662449',NULL,'1b4f0e9851971998e732078544c96b36c3d01cedf7caa332359d6f1d83567014',1108103538,2,NULL,NULL,0,0,2,1,'2020-05-05 14:07:57','2020-05-05 14:07:57','n'),(45,NULL,'keenan.merakiconsulting1@gmail.com','Keenan','George','0835851927',NULL,'9a933dec85f11a3e7bb93dc91701088b4f5fce3ce5428f148b3351840e7aebb1',242708019,2,NULL,NULL,1,1,2,1,'2020-05-13 10:30:40','2020-05-13 10:30:40','n'),(46,NULL,'mupfururixxrwawilliam@gmail.com','Will ','Parkins','+27673680477',NULL,'1056b3f9344e2dbfc915c50a15aee2776fab0c4ad629a5603af2ce46a5ab3e5a',1144283858,2,NULL,NULL,1,1,2,1,'2020-05-14 23:19:46','2020-05-14 23:19:46','n'),(48,NULL,'nmutandwa1@smartviewtechnology.co.za','Keenan','George','0731590660',NULL,'2a97516c354b68848cdbd8f54a226a0a55b21ed138e207ad6c5cbb9c00aa5aea',1536102595,2,NULL,NULL,1,1,2,1,'2020-05-18 13:11:07','2020-05-18 13:11:07','n'),(49,NULL,'mupfururirwawilliam1@gmail.com','Munashe','Mupfururirwa ','+27673680477',NULL,'1056b3f9344e2dbfc915c50a15aee2776fab0c4ad629a5603af2ce46a5ab3e5a',1478059561,2,NULL,NULL,1,1,2,1,'2020-05-18 18:10:58','2020-05-18 18:10:58','n'),(53,NULL,'jk1@thetalentindex.com','JK','du Toit','0824662449',NULL,'e8621e2299c8e9d2ed42a470f4a1f20ca9e167093ad10171b5b6fbfb74724eaf',758414224,2,NULL,NULL,1,1,2,1,'2020-05-19 09:21:36','2020-05-19 09:21:36','n'),(54,NULL,'joe1@cognitivecity.ai','Josephine','Wilde','0726070983',NULL,'7a64101fc7c10e9e250c8478fc597c4e8acd1b26b11549c6fd837c5fe02d6b90',1224380232,2,NULL,NULL,1,1,2,1,'2020-05-19 14:02:37','2020-05-19 14:02:37','n'),(62,NULL,'riaan1@zelriprop.co.za','Riaan','Van Biljon','0723854197',NULL,'29e4cd51d33c38db8c66596e2555a832b17a398a431c446d50692fdb823a481b',1543323457,2,NULL,NULL,1,1,2,1,'2020-05-20 23:00:45','2020-05-20 23:00:45','n'),(63,NULL,'christian.meyer0821@gmail.com','Etienne','Meyer','0834403917',NULL,'503362f5e69a6de75d617ded35f4dac3d2c4fbbfb6b46cc219f5e4f880f87629',1687319734,2,NULL,NULL,1,1,2,1,'2020-05-21 06:49:51','2020-05-21 06:49:51','n'),(64,NULL,'keenangcr1cg@gmail.com','Keenan','George','0835851927',NULL,'9a933dec85f11a3e7bb93dc91701088b4f5fce3ce5428f148b3351840e7aebb1',652160437,2,NULL,NULL,1,1,2,1,'2020-05-22 08:16:39','2020-05-22 08:16:39','n'),(65,NULL,'ingrid1@zelriproperties.co.za','Ingrid','Van Biljon','0728957702',NULL,'e3ca5c30c0935376d92126b4900b3fe6f0792ab31998d4a85ec29fdeb0799149',1480083032,2,NULL,NULL,1,1,2,1,'2020-05-26 19:35:13','2020-05-26 19:35:13','n'),(66,NULL,NULL,NULL,NULL,NULL,NULL,'e3b0c44298fc1c149afbf4c8996fb92427ae41e4649b934ca495991b7852b855',12345,1,NULL,NULL,0,1,1,1,'2020-05-27 13:19:40','2020-05-27 13:19:40','y'),(67,NULL,'ilanadutoit85@gmail.com','ilana','du Toit','0661648654',NULL,'bfa77483461d3443c95b271f198ad663be821770f35e47534b7c436a448edc25',1771186520,2,NULL,NULL,0,0,2,1,'2020-06-01 09:33:17','2020-06-01 09:33:17','n'),(68,NULL,'ilana1@geniusreserve.com','ilana','du Toit','0661648654',NULL,'bfa77483461d3443c95b271f198ad663be821770f35e47534b7c436a448edc25',1011613077,2,NULL,NULL,1,1,2,1,'2020-06-01 09:37:17','2020-06-01 09:37:17','n'),(69,NULL,'pierrefourie1@geniusreserve.com','Pierre ','Fourie','+447876451777',NULL,'54de7f606f2523cba8efac173fab42fb7f59d56ceff974c8fdb7342cf2cfe345',334150683,2,NULL,NULL,0,0,2,1,'2020-06-08 12:39:16','2020-06-08 12:39:16','n'),(70,NULL,'juanz@tasklogix.co.za','Juan','Vorster','0791978070',NULL,'8e28d01a68f1f6c7aae4fe48db11a16825b4c67030a9f4514e1fed81d5c00a01',1120830397,2,NULL,NULL,1,1,2,1,'2020-06-09 09:09:52','2020-06-09 09:09:52','n'),(71,NULL,'mmupfururirwa1@smartviewtechnology.co.za','Munashe','Mupfururirwa','0673680477',NULL,'2a97516c354b68848cdbd8f54a226a0a55b21ed138e207ad6c5cbb9c00aa5aea',1716955872,2,NULL,NULL,1,1,2,1,'2020-06-10 11:11:42','2020-06-10 11:11:42','n'),(72,NULL,'mmupfururirwa12@smartviewtechnology.co.za','Munashe','Mupfururirwa','0673680477',NULL,'2a97516c354b68848cdbd8f54a226a0a55b21ed138e207ad6c5cbb9c00aa5aea',953730595,2,NULL,NULL,1,1,2,1,'2020-06-10 12:21:17','2020-06-10 12:21:17','n'),(73,NULL,'mmupfururirwa122@smartviewtechnology.co.za','Munashe','Mupfururirwa','0673680477',NULL,'2a97516c354b68848cdbd8f54a226a0a55b21ed138e207ad6c5cbb9c00aa5aea',99142845,2,NULL,NULL,1,1,2,1,'2020-06-10 12:55:51','2020-06-10 12:55:51','n'),(74,NULL,'mmupfururirwa@sssmartviewtechnology.co.za','Test','Account','+27673680477',NULL,'2a97516c354b68848cdbd8f54a226a0a55b21ed138e207ad6c5cbb9c00aa5aea',1150127119,2,NULL,NULL,0,1,2,1,'2020-06-11 09:37:07','2020-06-11 09:37:07','n'),(75,NULL,'mmupfughrurirwa@smartviewtechnology.co.za','Dave','Batista','+27673680477',NULL,'2a97516c354b68848cdbd8f54a226a0a55b21ed138e207ad6c5cbb9c00aa5aea',941630813,2,NULL,NULL,1,1,2,1,'2020-06-11 13:47:37','2020-06-11 13:47:37','n'),(76,NULL,'mmupfururirerwa@smartviewtechnology.co.za','Demo','Test','+27673680477',NULL,'2a97516c354b68848cdbd8f54a226a0a55b21ed138e207ad6c5cbb9c00aa5aea',1784741591,2,NULL,NULL,1,1,2,1,'2020-06-11 14:22:09','2020-06-11 14:22:09','n'),(77,NULL,'mmupfururirggwa@smartviewtechnology.co.za','Munashe','Mupfururirwa','+27673680477',NULL,'2a97516c354b68848cdbd8f54a226a0a55b21ed138e207ad6c5cbb9c00aa5aea',1412919,2,NULL,NULL,1,1,2,1,'2020-06-11 15:03:40','2020-06-11 15:03:40','n'),(78,NULL,'mmupfururirwass@smartviewtechnology.co.za','Keenan','George','+27673680477',NULL,'2a97516c354b68848cdbd8f54a226a0a55b21ed138e207ad6c5cbb9c00aa5aea',771272795,2,NULL,NULL,1,1,2,1,'2020-06-11 15:29:39','2020-06-11 15:29:39','n'),(79,NULL,'mmupfsaururirwa@smartviewtechnology.co.za','John','Kuseck','+27673680477',NULL,'2a97516c354b68848cdbd8f54a226a0a55b21ed138e207ad6c5cbb9c00aa5aea',100648419,2,NULL,NULL,1,1,2,1,'2020-06-11 22:47:37','2020-06-11 22:47:37','n'),(80,NULL,'mmupfururirjkdwa@smartviewtechnology.co.za','James','Fream','+27673680477',NULL,'2a97516c354b68848cdbd8f54a226a0a55b21ed138e207ad6c5cbb9c00aa5aea',85842680,2,NULL,NULL,1,1,2,1,'2020-06-11 23:42:13','2020-06-11 23:42:13','n'),(81,NULL,'keenan.merkaiconsultingc@gmail.com','Keenan','George','0835851927',NULL,'03ac674216f3e15c761ee1a5e255f067953623c8b388b4459e13f978d7c846f4',969464093,2,NULL,NULL,0,0,2,1,'2020-06-12 05:31:31','2020-06-12 05:31:31','n'),(82,NULL,'democ@smartviewtechnology.co.za','Keenan','George','0835851927',NULL,'03ac674216f3e15c761ee1a5e255f067953623c8b388b4459e13f978d7c846f4',1526079655,2,NULL,NULL,1,1,2,1,'2020-06-12 05:34:53','2020-06-12 05:34:53','n'),(83,NULL,'mmupfururiddrwa@smartviewtechnology.co.za','Larry','Markson','+27673680477',NULL,'2a97516c354b68848cdbd8f54a226a0a55b21ed138e207ad6c5cbb9c00aa5aea',2019470168,2,NULL,NULL,1,1,2,1,'2020-06-12 09:03:34','2020-06-12 09:03:34','n'),(84,NULL,'mmupfururirwda@smartviewtechnology.co.za','Mark','Smith','+27673680477',NULL,'2a97516c354b68848cdbd8f54a226a0a55b21ed138e207ad6c5cbb9c00aa5aea',2109054788,2,NULL,NULL,1,1,2,1,'2020-06-12 09:31:50','2020-06-12 09:31:50','n'),(85,NULL,'mmupfururirwadf@smartviewtechnology.co.za','Wilson','Mupfuru','+27673680477',NULL,'2a97516c354b68848cdbd8f54a226a0a55b21ed138e207ad6c5cbb9c00aa5aea',1517010135,2,NULL,NULL,1,1,2,1,'2020-06-12 09:43:08','2020-06-12 09:43:08','n'),(86,NULL,'jkdutoit84@gmail.com','JK','Du Toit','0824662449',NULL,'ecd71870d1963316a97e3ac3408c9835ad8cf0f3c1bc703527c30265534f75ae',311855881,2,NULL,NULL,1,1,2,1,'2020-06-12 11:25:12','2020-06-12 11:25:12','n'),(87,NULL,'mmupfururqqirwa@smartviewtechnology.co.za','Ibanathi','Nyangintsimbi','0640167566',NULL,'2a97516c354b68848cdbd8f54a226a0a55b21ed138e207ad6c5cbb9c00aa5aea',1521702156,2,NULL,NULL,1,1,2,1,'2020-06-12 14:19:09','2020-06-12 14:19:09','n'),(88,NULL,'keenangrg@gmail.com','Keenan','George','0835851927',NULL,'03ac674216f3e15c761ee1a5e255f067953623c8b388b4459e13f978d7c846f4',1006879776,2,NULL,NULL,1,1,2,1,'2020-06-12 15:05:45','2020-06-12 15:05:45','n'),(89,NULL,'mmupfururdirwa@smartviewtechnology.co.za','Ibanathi','Nyangintsimbi','0640167566',NULL,'2a97516c354b68848cdbd8f54a226a0a55b21ed138e207ad6c5cbb9c00aa5aea',1818581615,2,NULL,NULL,1,1,2,1,'2020-06-12 15:07:01','2020-06-12 15:07:01','n'),(90,NULL,'mmupfururijjrwa@smartviewtechnology.co.za','Ibanathi','Nyangintsimbi','+27673680477',NULL,'2a97516c354b68848cdbd8f54a226a0a55b21ed138e207ad6c5cbb9c00aa5aea',1771487129,2,NULL,NULL,1,1,2,1,'2020-06-12 19:46:04','2020-06-12 19:46:04','n'),(91,NULL,'jessgrobbelaar1@gmail.com','Jessica','Grobbebubble','0663957746',NULL,'1b4f0e9851971998e732078544c96b36c3d01cedf7caa332359d6f1d83567014',1298162856,2,NULL,NULL,1,1,2,1,'2020-06-13 08:00:33','2020-06-13 08:00:33','n'),(92,NULL,'jk1@thetalentindex.com','Jessica','grobbelaar ','0824662449',NULL,'ecd71870d1963316a97e3ac3408c9835ad8cf0f3c1bc703527c30265534f75ae',302479214,2,NULL,NULL,0,1,2,1,'2020-06-13 08:15:32','2020-06-13 08:15:32','n'),(93,NULL,'jessgrobbelaarss@hotmail.com','Jessica','Grobbelaar','0663957746',NULL,'60303ae22b998861bce3b28f33eec1be758a213c86c93c076dbe9f558c11c752',318878376,2,NULL,NULL,1,1,2,1,'2020-06-13 08:24:02','2020-06-13 08:24:02','n'),(94,NULL,'mmupfururirwda@smartviewtechnology.co.za','Ibanathi','Nyangintsimbi','0640167566',NULL,'2a97516c354b68848cdbd8f54a226a0a55b21ed138e207ad6c5cbb9c00aa5aea',2119892306,2,NULL,NULL,1,1,2,1,'2020-06-13 08:41:18','2020-06-13 08:41:18','n'),(95,NULL,'mmupfururirwhha@smartviewtechnology.co.za','Ibanathi','Nyangintsimbi','0640167566',NULL,'2a97516c354b68848cdbd8f54a226a0a55b21ed138e207ad6c5cbb9c00aa5aea',1042130572,2,NULL,NULL,1,1,2,1,'2020-06-13 09:11:09','2020-06-13 09:11:09','n'),(96,NULL,'mmupfururirwja@smartviewtechnology.co.za','Ibanathi','Nyangintsimbi','0640167566',NULL,'2a97516c354b68848cdbd8f54a226a0a55b21ed138e207ad6c5cbb9c00aa5aea',1124554615,2,NULL,NULL,1,1,2,1,'2020-06-13 09:44:26','2020-06-13 09:44:26','n'),(97,NULL,'jessgrobbelaaar@gmail.com','jess','grobbelaar','0663957746',NULL,'60303ae22b998861bce3b28f33eec1be758a213c86c93c076dbe9f558c11c752',543962205,2,NULL,NULL,1,1,2,1,'2020-06-13 10:26:25','2020-06-13 10:26:25','n'),(98,NULL,'mmupfurumkrirwa@smartviewtechnology.co.za','Ibanathi','Nyangintsimbi','0640167566',NULL,'2a97516c354b68848cdbd8f54a226a0a55b21ed138e207ad6c5cbb9c00aa5aea',628147273,2,NULL,NULL,1,1,2,1,'2020-06-14 07:04:31','2020-06-14 07:04:31','n'),(99,NULL,'mmupfururirwfra@smartviewtechnology.co.za','Ibanathi','Nyangintsimbi','0640167566',NULL,'2a97516c354b68848cdbd8f54a226a0a55b21ed138e207ad6c5cbb9c00aa5aea',721672455,2,NULL,NULL,1,1,2,1,'2020-06-14 07:51:42','2020-06-14 07:51:42','n'),(100,NULL,'mmupfururirwsa@smartviewtechnology.co.za','Ibanathi','Nyangintsimbi','0640167566',NULL,'2a97516c354b68848cdbd8f54a226a0a55b21ed138e207ad6c5cbb9c00aa5aea',1786123002,2,NULL,NULL,1,1,2,1,'2020-06-14 08:17:40','2020-06-14 08:17:40','n'),(101,NULL,'jk@itakaneICT.com','Peter','Test','0824662449',NULL,'1b4f0e9851971998e732078544c96b36c3d01cedf7caa332359d6f1d83567014',41858648,2,NULL,NULL,1,1,2,1,'2020-06-15 06:30:07','2020-06-15 06:30:07','n'),(102,NULL,'noizzysounds@gmail.com','Alexander','Zinyemba','0732729065',NULL,'2a97516c354b68848cdbd8f54a226a0a55b21ed138e207ad6c5cbb9c00aa5aea',965830473,2,NULL,NULL,1,1,2,1,'2020-06-15 08:06:23','2020-06-15 08:06:23','n'),(103,NULL,'fdmtestingdemo@gmail.com','Ibanathi','Nyangintsimbi','0673680477',NULL,'2a97516c354b68848cdbd8f54a226a0a55b21ed138e207ad6c5cbb9c00aa5aea',816999049,2,NULL,NULL,1,1,2,1,'2020-06-15 09:18:04','2020-06-15 09:18:04','n'),(104,NULL,'waynelgreyling@gmail.com','Wayne','Greyling','0724310289',NULL,'2d3c2ec1194266581dea3c55ec7e59f56a87841066141d736b44ba82f844cd27',981498632,2,NULL,NULL,1,1,2,1,'2020-06-15 17:40:46','2020-06-15 17:40:46','n'),(105,NULL,'mmupfururirwa@smartviewtechnology.co.za','Ibanathi','Nyangintsimbi','0640167566',NULL,'2a97516c354b68848cdbd8f54a226a0a55b21ed138e207ad6c5cbb9c00aa5aea',723689822,2,NULL,NULL,1,1,2,1,'2020-06-17 08:07:59','2020-06-17 08:07:59','n'),(106,NULL,'kerryn@packt.co.za','Kerryn','Campion','0828001788',NULL,'1b4f0e9851971998e732078544c96b36c3d01cedf7caa332359d6f1d83567014',1598206382,2,NULL,NULL,1,1,2,1,'2020-06-22 05:26:41','2020-06-22 05:26:41','n'),(107,NULL,'nic\"cpbonline.co.za','Nic','Meyer','0725672106',NULL,'bef0971a9ecb7f9642cffac5c2e20627ed90d1ebb3a798428585dd5666e0d240',1847394238,2,NULL,NULL,0,0,2,1,'2020-06-22 08:32:40','2020-06-22 08:32:40','n'),(108,NULL,'nic@cpbonline.co.za','Nic','Meyer','0725672106',NULL,'bef0971a9ecb7f9642cffac5c2e20627ed90d1ebb3a798428585dd5666e0d240',1157135141,2,NULL,NULL,1,1,2,1,'2020-06-22 08:33:24','2020-06-22 08:33:24','n'),(109,NULL,'ebo@propertyzz.com','ebo','quagraine','0722215231',NULL,'526de440de018f898a86d66d11cc8985a1537e66f010d3959f0a287b4e7536c6',248629549,2,NULL,NULL,0,1,2,1,'2020-06-29 14:11:01','2020-06-29 14:11:01','n'),(110,NULL,'reneal@nmvecapital.com','Reneal','Singh','0765539539',NULL,'2abb851e015bf630389942ff0833734a3b72581ab2c2b857b17fe245c45b6b46',737116809,2,NULL,NULL,0,1,2,1,'2020-07-02 13:17:34','2020-07-02 13:17:34','n'),(111,NULL,'peggy@bpdev.co.za','Peggy','Setlawane','0725361081',NULL,'72232a5ee64920eaa7c502bed44a20462f14d42ad58392ee51b22f9894375a22',2009861765,2,NULL,NULL,0,0,2,1,'2020-07-07 09:31:06','2020-07-07 09:31:06','n'),(112,NULL,'peggy.malatji@gmail.com','Peggy','Setlawane','0725361081',NULL,'663d56b8d8a43607c3e5544de03dd46ccf29fa06af45abcb82c71c6f8f72ad0b',1345807708,2,NULL,NULL,0,0,2,1,'2020-07-07 10:27:54','2020-07-07 10:27:54','n'),(113,NULL,'christian@nmvecapital.com','Christian','Meyer','0820775942',NULL,'503362f5e69a6de75d617ded35f4dac3d2c4fbbfb6b46cc219f5e4f880f87629',1404517552,2,NULL,NULL,0,0,2,1,'2020-07-08 10:21:19','2020-07-08 10:21:19','n'),(114,NULL,'duanie41@gmail.com','Duane','de Villiers','0837946634',NULL,'9dde9cdf9f1f4c60f0ddfcbee810165f249a06916b9a1755c8a76521f821566f',1141084233,2,NULL,NULL,0,1,2,1,'2020-07-08 10:40:01','2020-07-08 10:40:01','n'),(115,NULL,'drummer.bren@gmail.com','Brennie','Jacobus','0833892171',NULL,'b243eb31f678224c9dcc666b3e65db95a201c0d018325858215750a1e8aaa584',1365897380,2,NULL,NULL,1,1,2,1,'2020-07-08 16:18:14','2020-07-08 16:18:14','n');
/*!40000 ALTER TABLE `users` ENABLE KEYS */;
UNLOCK TABLES;

--
-- Table structure for table `visits`
--

DROP TABLE IF EXISTS `visits`;
/*!40101 SET @saved_cs_client     = @@character_set_client */;
/*!50503 SET character_set_client = utf8mb4 */;
CREATE TABLE `visits` (
  `id` int(11) NOT NULL AUTO_INCREMENT,
  `complexID` int(11) NOT NULL,
  `userID` int(11) NOT NULL,
  `applicationID` int(11) NOT NULL,
  `viewingDate` date NOT NULL,
  `dateCreated` datetime DEFAULT NULL,
  PRIMARY KEY (`id`)
) ENGINE=InnoDB AUTO_INCREMENT=28 DEFAULT CHARSET=utf8;
/*!40101 SET character_set_client = @saved_cs_client */;

--
-- Dumping data for table `visits`
--

LOCK TABLES `visits` WRITE;
/*!40000 ALTER TABLE `visits` DISABLE KEYS */;
INSERT INTO `visits` VALUES (1,2,79,15,'2020-06-25','2020-06-11 23:10:32'),(2,2,80,16,'2020-07-09','2020-06-11 23:48:25'),(3,2,82,17,'2020-06-12','2020-06-12 05:43:32'),(4,2,82,17,'2020-06-19','2020-06-12 06:09:45'),(5,2,83,18,'2020-06-19','2020-06-12 09:10:41'),(6,2,85,19,'2020-06-30','2020-06-12 10:12:25'),(7,2,86,20,'2020-06-13','2020-06-12 11:37:48'),(8,2,87,21,'2020-06-25','2020-06-12 14:37:42'),(9,2,88,22,'2020-06-15','2020-06-12 15:12:37'),(10,2,89,23,'2020-06-26','2020-06-12 15:31:10'),(11,2,90,24,'2020-06-25','2020-06-12 20:04:43'),(12,2,85,25,'2020-06-15','2020-06-13 07:58:38'),(13,2,91,26,'2020-06-20','2020-06-13 08:11:23'),(14,6,94,28,'2020-06-26','2020-06-13 08:48:13'),(15,2,94,28,'2020-07-01','2020-06-13 08:55:03'),(16,7,95,29,'2020-06-30','2020-06-13 09:34:24'),(17,2,96,30,'2020-06-24','2020-06-13 09:50:24'),(18,2,98,32,'2020-06-24','2020-06-14 07:15:24'),(19,2,99,33,'2020-06-25','2020-06-14 07:57:07'),(20,2,100,34,'2020-06-26','2020-06-14 08:22:08'),(21,2,103,37,'2020-06-18','2020-06-15 09:29:46'),(22,2,104,38,'1970-01-01','2020-06-15 18:07:29'),(25,2,105,39,'2020-06-23','2020-06-17 08:17:56'),(26,2,106,40,'2020-06-23','2020-06-22 05:44:21'),(27,2,108,41,'2020-06-24','2020-06-22 08:55:31');
/*!40000 ALTER TABLE `visits` ENABLE KEYS */;
UNLOCK TABLES;

--
-- Table structure for table `xdsdata`
--

DROP TABLE IF EXISTS `xdsdata`;
/*!40101 SET @saved_cs_client     = @@character_set_client */;
/*!50503 SET character_set_client = utf8mb4 */;
CREATE TABLE `xdsdata` (
  `id` int(11) NOT NULL AUTO_INCREMENT,
  `userID` int(11) NOT NULL,
  `dataType` varchar(100) DEFAULT NULL,
  `dataLabel` varchar(100) DEFAULT NULL,
  `data` varchar(250) DEFAULT NULL,
  `dateCreated` datetime DEFAULT NULL,
  `dateUpdated` datetime DEFAULT NULL,
  PRIMARY KEY (`id`)
) ENGINE=InnoDB AUTO_INCREMENT=231 DEFAULT CHARSET=utf8;
/*!40101 SET character_set_client = @saved_cs_client */;

--
-- Dumping data for table `xdsdata`
--

LOCK TABLES `xdsdata` WRITE;
/*!40000 ALTER TABLE `xdsdata` DISABLE KEYS */;
INSERT INTO `xdsdata` VALUES (1,86,'apiReturns','idPassportNo','8404055028084','2020-06-12 11:32:18','2020-06-12 11:32:18'),(2,86,'apiReturns','dob','8404055028084','2020-06-12 11:32:18','2020-06-12 11:32:18'),(3,86,'apiReturns','lastName','du toit','2020-06-12 11:32:18','2020-06-12 11:32:18'),(4,87,'xdsReturns','idPassportNo','9903095479081','2020-06-12 14:28:27','2020-06-12 14:28:27'),(5,87,'xdsReturns','dob','9903095479081','2020-06-12 14:28:27','2020-06-12 14:28:27'),(6,87,'xdsReturns','firstName','ibanathi','2020-06-12 14:28:27','2020-06-12 14:28:27'),(7,87,'xdsReturns','lastName','nyangintsimbi','2020-06-12 14:28:27','2020-06-12 14:28:27'),(8,87,'xdsReturns','maritalStatus','single','2020-06-12 14:28:27','2020-06-12 14:28:27'),(9,88,'xdsReturns','idPassportNo','9205285161085','2020-06-12 15:09:50','2020-06-12 15:09:50'),(10,88,'xdsReturns','dob','9205285161085','2020-06-12 15:09:50','2020-06-12 15:09:50'),(11,88,'xdsReturns','firstName','keenan','2020-06-12 15:09:50','2020-06-12 15:09:50'),(12,88,'xdsReturns','lastName','george','2020-06-12 15:09:50','2020-06-12 15:09:50'),(13,88,'xdsReturns','address','','2020-06-12 15:09:50','2020-06-12 15:09:50'),(14,88,'xdsReturns','maritalStatus','single','2020-06-12 15:09:50','2020-06-12 15:09:50'),(15,88,'xdsReturns','accountNumber','4087084085','2020-06-12 15:09:50','2020-06-12 15:09:50'),(16,88,'xdsReturns','branchCode','630632','2020-06-12 15:09:50','2020-06-12 15:09:50'),(17,88,'xdsReturns','accountType','CURRENTCHEQUEACCOUNT','2020-06-12 15:09:50','2020-06-12 15:09:50'),(18,88,'xdsReturns','bankName','ABSA','2020-06-12 15:09:50','2020-06-12 15:09:50'),(19,89,'xdsReturns','idPassportNo','9903095479081','2020-06-12 15:11:17','2020-06-12 15:11:17'),(20,89,'xdsReturns','dob','9903095479081','2020-06-12 15:11:17','2020-06-12 15:11:17'),(21,89,'xdsReturns','firstName','ibanathi','2020-06-12 15:11:17','2020-06-12 15:11:17'),(22,89,'xdsReturns','lastName','nyangintsimbi','2020-06-12 15:11:17','2020-06-12 15:11:17'),(23,89,'xdsReturns','address','','2020-06-12 15:11:17','2020-06-12 15:11:17'),(24,89,'xdsReturns','maritalStatus','single','2020-06-12 15:11:17','2020-06-12 15:11:17'),(25,89,'xdsReturns','accountNumber','1623467258','2020-06-12 15:11:17','2020-06-12 15:11:17'),(26,89,'xdsReturns','branchCode','470010','2020-06-12 15:11:17','2020-06-12 15:11:17'),(27,89,'xdsReturns','accountType','SAVINGSACCOUNT','2020-06-12 15:11:17','2020-06-12 15:11:17'),(28,89,'xdsReturns','bankName','ABSA','2020-06-12 15:11:17','2020-06-12 15:11:17'),(29,77,'xdsReturns','firstName','EMMANUEL','2020-06-12 15:34:55','2020-06-12 15:34:55'),(30,77,'xdsReturns','lastName','MUSHIANA','2020-06-12 15:34:55','2020-06-12 15:34:55'),(31,77,'xdsReturns','idPassportNo','9811015487086','2020-06-12 15:34:55','2020-06-12 15:34:55'),(32,77,'xdsReturns','dob','9811015487086','2020-06-12 15:34:55','2020-06-12 15:34:55'),(33,77,'xdsReturns','address','','2020-06-12 15:34:55','2020-06-12 15:34:55'),(34,77,'xdsReturns','maritalStatus','Single','2020-06-12 15:34:55','2020-06-12 15:34:55'),(35,77,'xdsReturns','accountNumber','','2020-06-12 15:34:55','2020-06-12 15:34:55'),(36,77,'xdsReturns','branchCode','','2020-06-12 15:34:55','2020-06-12 15:34:55'),(37,77,'xdsReturns','accountType','','2020-06-12 15:34:55','2020-06-12 15:34:55'),(38,77,'xdsReturns','bankName','','2020-06-12 15:34:55','2020-06-12 15:34:55'),(39,90,'xdsReturns','firstName','IBANATHI','2020-06-12 19:54:47','2020-06-12 19:54:47'),(40,90,'xdsReturns','lastName','NYANGINTSIMBI','2020-06-12 19:54:47','2020-06-12 19:54:47'),(41,90,'xdsReturns','idPassportNo','9903095479081','2020-06-12 19:54:47','2020-06-12 19:54:47'),(42,90,'xdsReturns','dob','9903095479081','2020-06-12 19:54:47','2020-06-12 19:54:47'),(43,90,'xdsReturns','address','','2020-06-12 19:54:47','2020-06-12 19:54:47'),(44,90,'xdsReturns','maritalStatus','Single','2020-06-12 19:54:47','2020-06-12 19:54:47'),(45,90,'xdsReturns','accountNumber','','2020-06-12 19:54:47','2020-06-12 19:54:47'),(46,90,'xdsReturns','branchCode','','2020-06-12 19:54:47','2020-06-12 19:54:47'),(47,90,'xdsReturns','accountType','','2020-06-12 19:54:47','2020-06-12 19:54:47'),(48,90,'xdsReturns','bankName','','2020-06-12 19:54:47','2020-06-12 19:54:47'),(49,91,'xdsReturns','firstName','JESSICA','2020-06-13 08:06:54','2020-06-13 08:06:54'),(50,91,'xdsReturns','lastName','GROBBELAAR','2020-06-13 08:06:54','2020-06-13 08:06:54'),(51,91,'xdsReturns','idPassportNo','8703020012085','2020-06-13 08:06:54','2020-06-13 08:06:54'),(52,91,'xdsReturns','dob','8703020012085','2020-06-13 08:06:54','2020-06-13 08:06:54'),(53,91,'xdsReturns','address','','2020-06-13 08:06:54','2020-06-13 08:06:54'),(54,91,'xdsReturns','maritalStatus','','2020-06-13 08:06:54','2020-06-13 08:06:54'),(55,91,'xdsReturns','accountNumber','','2020-06-13 08:06:54','2020-06-13 08:06:54'),(56,91,'xdsReturns','branchCode','','2020-06-13 08:06:54','2020-06-13 08:06:54'),(57,91,'xdsReturns','accountType','','2020-06-13 08:06:54','2020-06-13 08:06:54'),(58,91,'xdsReturns','bankName','','2020-06-13 08:06:54','2020-06-13 08:06:54'),(59,93,'xdsReturns','firstName','JESSICA','2020-06-13 08:29:58','2020-06-13 08:29:58'),(60,93,'xdsReturns','lastName','GROBBELAAR','2020-06-13 08:29:58','2020-06-13 08:29:58'),(61,93,'xdsReturns','idPassportNo','8703020012085','2020-06-13 08:29:58','2020-06-13 08:29:58'),(62,93,'xdsReturns','dob','8703020012085','2020-06-13 08:29:58','2020-06-13 08:29:58'),(63,93,'xdsReturns','address','','2020-06-13 08:29:58','2020-06-13 08:29:58'),(64,93,'xdsReturns','maritalStatus','','2020-06-13 08:29:58','2020-06-13 08:29:58'),(65,93,'xdsReturns','accountNumber','','2020-06-13 08:29:58','2020-06-13 08:29:58'),(66,93,'xdsReturns','branchCode','','2020-06-13 08:29:58','2020-06-13 08:29:58'),(67,93,'xdsReturns','accountType','','2020-06-13 08:29:58','2020-06-13 08:29:58'),(68,93,'xdsReturns','bankName','','2020-06-13 08:29:58','2020-06-13 08:29:58'),(69,93,'xdsReturns','spouseIdPassportNo','8404055028084','2020-06-13 08:29:58','2020-06-13 08:29:58'),(70,94,'xdsReturns','firstName','IBANATHI','2020-06-13 08:45:40','2020-06-13 08:45:40'),(71,94,'xdsReturns','lastName','NYANGINTSIMBI','2020-06-13 08:45:40','2020-06-13 08:45:40'),(72,94,'xdsReturns','idPassportNo','9903095479081','2020-06-13 08:45:40','2020-06-13 08:45:40'),(73,94,'xdsReturns','dob','9903095479081','2020-06-13 08:45:40','2020-06-13 08:45:40'),(74,94,'xdsReturns','address','','2020-06-13 08:45:40','2020-06-13 08:45:40'),(75,94,'xdsReturns','maritalStatus','Single','2020-06-13 08:45:40','2020-06-13 08:45:40'),(76,94,'xdsReturns','accountNumber','','2020-06-13 08:45:40','2020-06-13 08:45:40'),(77,94,'xdsReturns','branchCode','','2020-06-13 08:45:40','2020-06-13 08:45:40'),(78,94,'xdsReturns','accountType','','2020-06-13 08:45:40','2020-06-13 08:45:40'),(79,94,'xdsReturns','bankName','','2020-06-13 08:45:40','2020-06-13 08:45:40'),(80,95,'xdsReturns','firstName','IBANATHI','2020-06-13 09:24:15','2020-06-13 09:24:15'),(81,95,'xdsReturns','lastName','NYANGINTSIMBI','2020-06-13 09:24:15','2020-06-13 09:24:15'),(82,95,'xdsReturns','idPassportNo','9903095479081','2020-06-13 09:24:15','2020-06-13 09:24:15'),(83,95,'xdsReturns','dob','9903095479081','2020-06-13 09:24:15','2020-06-13 09:24:15'),(84,95,'xdsReturns','address','','2020-06-13 09:24:15','2020-06-13 09:24:15'),(85,95,'xdsReturns','maritalStatus','Single','2020-06-13 09:24:15','2020-06-13 09:24:15'),(86,95,'xdsReturns','accountNumber','14087084085','2020-06-13 09:24:16','2020-06-13 09:24:16'),(87,95,'xdsReturns','branchCode','470010','2020-06-13 09:24:16','2020-06-13 09:24:16'),(88,95,'xdsReturns','accountType','SAVINGSACCOUNT','2020-06-13 09:24:16','2020-06-13 09:24:16'),(89,95,'xdsReturns','bankName','Capitec Bank','2020-06-13 09:24:16','2020-06-13 09:24:16'),(90,96,'xdsReturns','firstName','IBANATHI','2020-06-13 09:48:01','2020-06-13 09:48:01'),(91,96,'xdsReturns','lastName','NYANGINTSIMBI','2020-06-13 09:48:01','2020-06-13 09:48:01'),(92,96,'xdsReturns','idPassportNo','9903095479081','2020-06-13 09:48:01','2020-06-13 09:48:01'),(93,96,'xdsReturns','dob','9903095479081','2020-06-13 09:48:01','2020-06-13 09:48:01'),(94,96,'xdsReturns','address','','2020-06-13 09:48:01','2020-06-13 09:48:01'),(95,96,'xdsReturns','maritalStatus','Single','2020-06-13 09:48:01','2020-06-13 09:48:01'),(96,96,'xdsReturns','accountNumber','','2020-06-13 09:48:01','2020-06-13 09:48:01'),(97,96,'xdsReturns','branchCode','','2020-06-13 09:48:01','2020-06-13 09:48:01'),(98,96,'xdsReturns','accountType','','2020-06-13 09:48:01','2020-06-13 09:48:01'),(99,96,'xdsReturns','bankName','','2020-06-13 09:48:01','2020-06-13 09:48:01'),(100,97,'xdsReturns','firstName','JESSICA','2020-06-13 10:28:50','2020-06-13 10:28:50'),(101,97,'xdsReturns','lastName','GROBBELAAR','2020-06-13 10:28:50','2020-06-13 10:28:50'),(102,97,'xdsReturns','idPassportNo','8703020012085','2020-06-13 10:28:50','2020-06-13 10:28:50'),(103,97,'xdsReturns','dob','8703020012085','2020-06-13 10:28:50','2020-06-13 10:28:50'),(104,97,'xdsReturns','address','','2020-06-13 10:28:50','2020-06-13 10:28:50'),(105,97,'xdsReturns','maritalStatus','','2020-06-13 10:28:50','2020-06-13 10:28:50'),(106,97,'xdsReturns','accountNumber','','2020-06-13 10:28:50','2020-06-13 10:28:50'),(107,97,'xdsReturns','branchCode','','2020-06-13 10:28:50','2020-06-13 10:28:50'),(108,97,'xdsReturns','accountType','','2020-06-13 10:28:50','2020-06-13 10:28:50'),(109,97,'xdsReturns','bankName','','2020-06-13 10:28:50','2020-06-13 10:28:50'),(110,98,'xdsReturns','firstName','IBANATHI','2020-06-14 07:12:49','2020-06-14 07:12:49'),(111,98,'xdsReturns','lastName','NYANGINTSIMBI','2020-06-14 07:12:49','2020-06-14 07:12:49'),(112,98,'xdsReturns','idPassportNo','9903095479081','2020-06-14 07:12:49','2020-06-14 07:12:49'),(113,98,'xdsReturns','dob','9903095479081','2020-06-14 07:12:49','2020-06-14 07:12:49'),(114,98,'xdsReturns','address','','2020-06-14 07:12:49','2020-06-14 07:12:49'),(115,98,'xdsReturns','maritalStatus','Single','2020-06-14 07:12:49','2020-06-14 07:12:49'),(116,98,'xdsReturns','accountNumber','','2020-06-14 07:12:49','2020-06-14 07:12:49'),(117,98,'xdsReturns','branchCode','','2020-06-14 07:12:49','2020-06-14 07:12:49'),(118,98,'xdsReturns','accountType','','2020-06-14 07:12:49','2020-06-14 07:12:49'),(119,98,'xdsReturns','bankName','','2020-06-14 07:12:49','2020-06-14 07:12:49'),(120,98,'xdsReturns','totalIncome','0','2020-06-14 07:12:49','2020-06-14 07:12:49'),(121,98,'xdsReturns','totalExpenses','0','2020-06-14 07:12:49','2020-06-14 07:12:49'),(122,99,'xdsReturns','firstName','IBANATHI','2020-06-14 07:55:47','2020-06-14 07:55:47'),(123,99,'xdsReturns','lastName','NYANGINTSIMBI','2020-06-14 07:55:47','2020-06-14 07:55:47'),(124,99,'xdsReturns','idPassportNo','9903095479081','2020-06-14 07:55:47','2020-06-14 07:55:47'),(125,99,'xdsReturns','dob','9903095479081','2020-06-14 07:55:47','2020-06-14 07:55:47'),(126,99,'xdsReturns','address','','2020-06-14 07:55:47','2020-06-14 07:55:47'),(127,99,'xdsReturns','maritalStatus','Single','2020-06-14 07:55:47','2020-06-14 07:55:47'),(128,99,'xdsReturns','accountNumber','','2020-06-14 07:55:47','2020-06-14 07:55:47'),(129,99,'xdsReturns','branchCode','','2020-06-14 07:55:47','2020-06-14 07:55:47'),(130,99,'xdsReturns','accountType','','2020-06-14 07:55:47','2020-06-14 07:55:47'),(131,99,'xdsReturns','bankName','','2020-06-14 07:55:47','2020-06-14 07:55:47'),(132,99,'xdsReturns','totalIncome','0','2020-06-14 07:55:47','2020-06-14 07:55:47'),(133,99,'xdsReturns','totalExpenses','0','2020-06-14 07:55:47','2020-06-14 07:55:47'),(134,100,'xdsReturns','firstName','IBANATHI','2020-06-14 08:20:57','2020-06-14 08:20:57'),(135,100,'xdsReturns','lastName','NYANGINTSIMBI','2020-06-14 08:20:57','2020-06-14 08:20:57'),(136,100,'xdsReturns','idPassportNo','9903095479081','2020-06-14 08:20:57','2020-06-14 08:20:57'),(137,100,'xdsReturns','dob','9903095479081','2020-06-14 08:20:57','2020-06-14 08:20:57'),(138,100,'xdsReturns','address','','2020-06-14 08:20:57','2020-06-14 08:20:57'),(139,100,'xdsReturns','maritalStatus','Single','2020-06-14 08:20:57','2020-06-14 08:20:57'),(140,100,'xdsReturns','accountNumber','','2020-06-14 08:20:57','2020-06-14 08:20:57'),(141,100,'xdsReturns','branchCode','','2020-06-14 08:20:57','2020-06-14 08:20:57'),(142,100,'xdsReturns','accountType','','2020-06-14 08:20:57','2020-06-14 08:20:57'),(143,100,'xdsReturns','bankName','','2020-06-14 08:20:57','2020-06-14 08:20:57'),(144,100,'xdsReturns','totalIncome','0','2020-06-14 08:20:57','2020-06-14 08:20:57'),(145,100,'xdsReturns','totalExpenses','0','2020-06-14 08:20:57','2020-06-14 08:20:57'),(146,102,'xdsReturns','firstName','IBANATHI','2020-06-15 08:20:02','2020-06-15 08:20:02'),(147,102,'xdsReturns','lastName','NYANGINTSIMBI','2020-06-15 08:20:02','2020-06-15 08:20:02'),(148,102,'xdsReturns','idPassportNo','9903095479081','2020-06-15 08:20:02','2020-06-15 08:20:02'),(149,102,'xdsReturns','dob','9903095479081','2020-06-15 08:20:02','2020-06-15 08:20:02'),(150,102,'xdsReturns','address','','2020-06-15 08:20:02','2020-06-15 08:20:02'),(151,102,'xdsReturns','maritalStatus','Single','2020-06-15 08:20:02','2020-06-15 08:20:02'),(152,102,'xdsReturns','accountNumber','','2020-06-15 08:20:02','2020-06-15 08:20:02'),(153,102,'xdsReturns','branchCode','','2020-06-15 08:20:02','2020-06-15 08:20:02'),(154,102,'xdsReturns','accountType','','2020-06-15 08:20:02','2020-06-15 08:20:02'),(155,102,'xdsReturns','bankName','','2020-06-15 08:20:02','2020-06-15 08:20:02'),(156,102,'xdsReturns','totalIncome','0','2020-06-15 08:20:02','2020-06-15 08:20:02'),(157,102,'xdsReturns','totalExpenses','0','2020-06-15 08:20:02','2020-06-15 08:20:02'),(158,101,'xdsReturns','firstName','JAN-KOLBE','2020-06-15 08:28:51','2020-06-15 08:28:51'),(159,101,'xdsReturns','lastName','DU TOIT','2020-06-15 08:28:51','2020-06-15 08:28:51'),(160,101,'xdsReturns','idPassportNo','8404055028084','2020-06-15 08:28:51','2020-06-15 08:28:51'),(161,101,'xdsReturns','dob','8404055028084','2020-06-15 08:28:51','2020-06-15 08:28:51'),(162,101,'xdsReturns','address','','2020-06-15 08:28:51','2020-06-15 08:28:51'),(163,101,'xdsReturns','maritalStatus','Married','2020-06-15 08:28:51','2020-06-15 08:28:51'),(164,101,'xdsReturns','accountNumber','','2020-06-15 08:28:51','2020-06-15 08:28:51'),(165,101,'xdsReturns','branchCode','','2020-06-15 08:28:51','2020-06-15 08:28:51'),(166,101,'xdsReturns','accountType','','2020-06-15 08:28:51','2020-06-15 08:28:51'),(167,101,'xdsReturns','bankName','','2020-06-15 08:28:51','2020-06-15 08:28:51'),(168,101,'xdsReturns','totalIncome','0','2020-06-15 08:28:51','2020-06-15 08:28:51'),(169,101,'xdsReturns','totalExpenses','0','2020-06-15 08:28:51','2020-06-15 08:28:51'),(170,101,'xdsReturns','spouseIdPassportNo','8703020012085','2020-06-15 08:28:51','2020-06-15 08:28:51'),(171,103,'xdsReturns','firstName','IBANATHI','2020-06-15 09:27:52','2020-06-15 09:27:52'),(172,103,'xdsReturns','lastName','NYANGINTSIMBI','2020-06-15 09:27:52','2020-06-15 09:27:52'),(173,103,'xdsReturns','idPassportNo','9903095479081','2020-06-15 09:27:52','2020-06-15 09:27:52'),(174,103,'xdsReturns','dob','9903095479081','2020-06-15 09:27:52','2020-06-15 09:27:52'),(175,103,'xdsReturns','address','','2020-06-15 09:27:52','2020-06-15 09:27:52'),(176,103,'xdsReturns','maritalStatus','Single','2020-06-15 09:27:52','2020-06-15 09:27:52'),(177,103,'xdsReturns','accountNumber','','2020-06-15 09:27:52','2020-06-15 09:27:52'),(178,103,'xdsReturns','branchCode','','2020-06-15 09:27:52','2020-06-15 09:27:52'),(179,103,'xdsReturns','accountType','','2020-06-15 09:27:52','2020-06-15 09:27:52'),(180,103,'xdsReturns','bankName','','2020-06-15 09:27:52','2020-06-15 09:27:52'),(181,103,'xdsReturns','totalIncome','0','2020-06-15 09:27:52','2020-06-15 09:27:52'),(182,103,'xdsReturns','totalExpenses','0','2020-06-15 09:27:52','2020-06-15 09:27:52'),(183,104,'xdsReturns','firstName','WAYNE','2020-06-15 17:47:41','2020-06-15 17:47:41'),(184,104,'xdsReturns','lastName','GREYLING','2020-06-15 17:47:41','2020-06-15 17:47:41'),(185,104,'xdsReturns','idPassportNo','8312305038086','2020-06-15 17:47:41','2020-06-15 17:47:41'),(186,104,'xdsReturns','dob','8312305038086','2020-06-15 17:47:41','2020-06-15 17:47:41'),(187,104,'xdsReturns','address','','2020-06-15 17:47:41','2020-06-15 17:47:41'),(188,104,'xdsReturns','maritalStatus','Single','2020-06-15 17:47:41','2020-06-15 17:47:41'),(189,104,'xdsReturns','accountNumber','','2020-06-15 17:47:41','2020-06-15 17:47:41'),(190,104,'xdsReturns','branchCode','','2020-06-15 17:47:41','2020-06-15 17:47:41'),(191,104,'xdsReturns','accountType','','2020-06-15 17:47:41','2020-06-15 17:47:41'),(192,104,'xdsReturns','bankName','','2020-06-15 17:47:41','2020-06-15 17:47:41'),(193,104,'xdsReturns','totalIncome','39000','2020-06-15 17:47:41','2020-06-15 17:47:41'),(194,104,'xdsReturns','totalExpenses','36952','2020-06-15 17:47:41','2020-06-15 17:47:41'),(195,105,'xdsReturns','firstName','IBANATHI','2020-06-17 08:11:33','2020-06-17 08:11:33'),(196,105,'xdsReturns','lastName','NYANGINTSIMBI','2020-06-17 08:11:33','2020-06-17 08:11:33'),(197,105,'xdsReturns','idPassportNo','9903095479081','2020-06-17 08:11:33','2020-06-17 08:11:33'),(198,105,'xdsReturns','dob','9903095479081','2020-06-17 08:11:33','2020-06-17 08:11:33'),(199,105,'xdsReturns','address','','2020-06-17 08:11:33','2020-06-17 08:11:33'),(200,105,'xdsReturns','maritalStatus','Single','2020-06-17 08:11:33','2020-06-17 08:11:33'),(201,105,'xdsReturns','accountNumber','','2020-06-17 08:11:33','2020-06-17 08:11:33'),(202,105,'xdsReturns','branchCode','','2020-06-17 08:11:33','2020-06-17 08:11:33'),(203,105,'xdsReturns','accountType','','2020-06-17 08:11:33','2020-06-17 08:11:33'),(204,105,'xdsReturns','bankName','','2020-06-17 08:11:33','2020-06-17 08:11:33'),(205,105,'xdsReturns','totalIncome','0','2020-06-17 08:11:33','2020-06-17 08:11:33'),(206,105,'xdsReturns','totalExpenses','0','2020-06-17 08:11:33','2020-06-17 08:11:33'),(207,106,'xdsReturns','firstName','JAN-KOLBE','2020-06-22 05:36:22','2020-06-22 05:36:22'),(208,106,'xdsReturns','lastName','DU TOIT','2020-06-22 05:36:22','2020-06-22 05:36:22'),(209,106,'xdsReturns','idPassportNo','8404055028084','2020-06-22 05:36:22','2020-06-22 05:36:22'),(210,106,'xdsReturns','dob','8404055028084','2020-06-22 05:36:22','2020-06-22 05:36:22'),(211,106,'xdsReturns','address','','2020-06-22 05:36:22','2020-06-22 05:36:22'),(212,106,'xdsReturns','maritalStatus','','2020-06-22 05:36:22','2020-06-22 05:36:22'),(213,106,'xdsReturns','accountNumber','','2020-06-22 05:36:22','2020-06-22 05:36:22'),(214,106,'xdsReturns','branchCode','','2020-06-22 05:36:22','2020-06-22 05:36:22'),(215,106,'xdsReturns','accountType','','2020-06-22 05:36:22','2020-06-22 05:36:22'),(216,106,'xdsReturns','bankName','','2020-06-22 05:36:22','2020-06-22 05:36:22'),(217,106,'xdsReturns','totalIncome','0','2020-06-22 05:36:22','2020-06-22 05:36:22'),(218,106,'xdsReturns','totalExpenses','0','2020-06-22 05:36:22','2020-06-22 05:36:22'),(219,108,'xdsReturns','firstName','JAN-KOLBE','2020-06-22 08:46:16','2020-06-22 08:46:16'),(220,108,'xdsReturns','lastName','DU TOIT','2020-06-22 08:46:16','2020-06-22 08:46:16'),(221,108,'xdsReturns','idPassportNo','8404055028084','2020-06-22 08:46:16','2020-06-22 08:46:16'),(222,108,'xdsReturns','dob','8404055028084','2020-06-22 08:46:16','2020-06-22 08:46:16'),(223,108,'xdsReturns','address','','2020-06-22 08:46:16','2020-06-22 08:46:16'),(224,108,'xdsReturns','maritalStatus','','2020-06-22 08:46:16','2020-06-22 08:46:16'),(225,108,'xdsReturns','accountNumber','','2020-06-22 08:46:16','2020-06-22 08:46:16'),(226,108,'xdsReturns','branchCode','','2020-06-22 08:46:16','2020-06-22 08:46:16'),(227,108,'xdsReturns','accountType','','2020-06-22 08:46:16','2020-06-22 08:46:16'),(228,108,'xdsReturns','bankName','','2020-06-22 08:46:16','2020-06-22 08:46:16'),(229,108,'xdsReturns','totalIncome','0','2020-06-22 08:46:16','2020-06-22 08:46:16'),(230,108,'xdsReturns','totalExpenses','0','2020-06-22 08:46:16','2020-06-22 08:46:16');
/*!40000 ALTER TABLE `xdsdata` ENABLE KEYS */;
UNLOCK TABLES;
/*!40103 SET TIME_ZONE=@OLD_TIME_ZONE */;

/*!40101 SET SQL_MODE=@OLD_SQL_MODE */;
/*!40014 SET FOREIGN_KEY_CHECKS=@OLD_FOREIGN_KEY_CHECKS */;
/*!40014 SET UNIQUE_CHECKS=@OLD_UNIQUE_CHECKS */;
/*!40101 SET CHARACTER_SET_CLIENT=@OLD_CHARACTER_SET_CLIENT */;
/*!40101 SET CHARACTER_SET_RESULTS=@OLD_CHARACTER_SET_RESULTS */;
/*!40101 SET COLLATION_CONNECTION=@OLD_COLLATION_CONNECTION */;
/*!40111 SET SQL_NOTES=@OLD_SQL_NOTES */;

-- Dump completed on 2020-07-13 18:29:15
